dteday,season,yr,mnth,hr,holiday,weekday,workingday,weathersit,temp,atemp,hum,windspeed,cnt
2011-01-01,1,0,1,0,0,6,0,1,0.24,0.2879,0.81,0.0,16
2011-01-01,1,0,1,10,0,6,0,1,0.38,0.3939,0.76,0.2537,36
2011-01-01,1,0,1,20,0,6,0,2,0.4,0.4091,0.87,0.2537,36
2011-01-02,1,0,1,7,0,0,0,2,0.4,0.4091,0.76,0.194,1
2011-01-02,1,0,1,17,0,0,0,1,0.34,0.3333,0.57,0.194,65
2011-01-03,1,0,1,5,0,1,1,1,0.16,0.1364,0.47,0.2836,3
2011-01-03,1,0,1,15,0,1,1,1,0.26,0.2424,0.3,0.2537,72
2011-01-04,1,0,1,1,0,2,1,1,0.16,0.1818,0.59,0.1045,2
2011-01-04,1,0,1,12,0,2,1,1,0.22,0.2273,0.51,0.1642,78
2011-01-04,1,0,1,22,0,2,1,1,0.22,0.2576,0.64,0.0896,35
2011-01-05,1,0,1,9,0,3,1,1,0.22,0.197,0.37,0.3284,115
2011-01-05,1,0,1,19,0,3,1,1,0.24,0.2576,0.38,0.1045,132
2011-01-06,1,0,1,6,0,4,1,2,0.14,0.1667,0.63,0.1045,36
2011-01-06,1,0,1,16,0,4,1,1,0.26,0.2576,0.38,0.1642,86
2011-01-07,1,0,1,2,0,5,1,2,0.2,0.197,0.69,0.2239,1
2011-01-07,1,0,1,13,0,5,1,2,0.2,0.1818,0.37,0.2836,73
2011-01-07,1,0,1,23,0,5,1,2,0.18,0.197,0.51,0.1642,15
2011-01-08,1,0,1,9,0,6,0,3,0.16,0.1818,0.93,0.1045,20
2011-01-08,1,0,1,19,0,6,0,1,0.14,0.1212,0.36,0.2537,30
2011-01-09,1,0,1,5,0,0,0,1,0.08,0.0909,0.53,0.194,1
2011-01-09,1,0,1,15,0,0,0,1,0.22,0.197,0.35,0.3582,82
2011-01-10,1,0,1,1,0,1,1,1,0.12,0.1212,0.5,0.2836,1
2011-01-10,1,0,1,11,0,1,1,2,0.16,0.1364,0.47,0.2836,30
2011-01-10,1,0,1,21,0,1,1,1,0.14,0.1364,0.59,0.194,38
2011-01-11,1,0,1,9,0,2,1,2,0.18,0.197,0.51,0.1642,130
2011-01-11,1,0,1,19,0,2,1,3,0.16,0.2273,0.93,0.0,51
2011-01-12,1,0,1,7,0,3,1,1,0.14,0.1515,0.69,0.1343,54
2011-01-12,1,0,1,17,0,3,1,1,0.2,0.1818,0.47,0.3582,139
2011-01-13,1,0,1,3,0,4,1,1,0.14,0.1212,0.5,0.3284,3
2011-01-13,1,0,1,13,0,4,1,1,0.22,0.197,0.41,0.4478,83
2011-01-13,1,0,1,23,0,4,1,1,0.12,0.1364,0.5,0.194,15
2011-01-14,1,0,1,10,0,5,1,1,0.18,0.1818,0.55,0.194,44
2011-01-14,1,0,1,20,0,5,1,1,0.18,0.2424,0.59,0.0,68
2011-01-15,1,0,1,6,0,6,0,1,0.14,0.1667,0.63,0.1045,3
2011-01-15,1,0,1,16,0,6,0,2,0.34,0.3333,0.34,0.194,128
2011-01-16,1,0,1,2,0,0,0,1,0.26,0.2879,0.56,0.0896,16
2011-01-16,1,0,1,12,0,0,0,1,0.24,0.2121,0.41,0.2836,104
2011-01-16,1,0,1,22,0,0,0,2,0.2,0.2121,0.49,0.1343,21
2011-01-17,1,0,1,8,1,1,0,2,0.16,0.1515,0.47,0.2239,33
2011-01-17,1,0,1,18,1,1,0,2,0.18,0.1667,0.55,0.2537,92
2011-01-18,1,0,1,16,0,2,1,2,0.22,0.2273,0.87,0.194,61
2011-01-19,1,0,1,2,0,3,1,3,0.22,0.2273,0.93,0.1343,3
2011-01-19,1,0,1,13,0,3,1,1,0.4,0.4091,0.62,0.2836,78
2011-01-19,1,0,1,23,0,3,1,1,0.3,0.2727,0.52,0.4627,28
2011-01-20,1,0,1,9,0,4,1,2,0.24,0.2273,0.52,0.2239,143
2011-01-20,1,0,1,19,0,4,1,1,0.26,0.2273,0.56,0.3284,152
2011-01-21,1,0,1,5,0,5,1,1,0.24,0.197,0.6,0.4179,5
2011-01-21,1,0,1,15,0,5,1,1,0.16,0.1212,0.26,0.4478,65
2011-01-22,1,0,1,1,0,6,0,2,0.04,0.0,0.41,0.3881,12
2011-01-22,1,0,1,12,0,6,0,2,0.06,0.1061,0.38,0.1045,70
2011-01-22,1,0,1,22,0,6,0,1,0.06,0.1515,0.49,0.0,30
2011-01-23,1,0,1,9,0,0,0,1,0.1,0.0758,0.54,0.3582,28
2011-01-23,1,0,1,19,0,0,0,1,0.12,0.1212,0.3,0.2836,50
2011-01-24,1,0,1,6,0,1,1,1,0.02,0.0758,0.48,0.0896,15
2011-01-24,1,0,1,16,0,1,1,1,0.16,0.1515,0.47,0.2537,70
2011-01-25,1,0,1,2,0,2,1,1,0.16,0.1515,0.69,0.2239,2
2011-01-25,1,0,1,13,0,2,1,2,0.26,0.2727,0.56,0.1343,93
2011-01-25,1,0,1,23,0,2,1,2,0.22,0.2273,0.64,0.1642,40
2011-01-26,1,0,1,11,0,3,1,3,0.22,0.197,0.93,0.3284,41
2011-01-27,1,0,1,19,0,4,1,1,0.2,0.2273,0.69,0.0896,79
2011-01-28,1,0,1,6,0,5,1,2,0.18,0.197,0.8,0.1343,16
2011-01-28,1,0,1,16,0,5,1,1,0.22,0.2727,0.8,0.0,80
2011-01-29,1,0,1,2,0,6,0,1,0.22,0.2273,0.64,0.1642,15
2011-01-29,1,0,1,13,0,6,0,2,0.22,0.2273,0.55,0.1642,65
2011-01-29,1,0,1,23,0,6,0,1,0.16,0.197,0.8,0.0896,33
2011-01-30,1,0,1,10,0,0,0,2,0.18,0.2424,0.8,0.0,64
2011-01-30,1,0,1,20,0,0,0,2,0.26,0.2727,0.65,0.1045,33
2011-01-31,1,0,1,6,0,1,1,1,0.16,0.1364,0.69,0.3284,37
2011-01-31,1,0,1,16,0,1,1,2,0.16,0.1818,0.56,0.194,86
2011-02-01,1,0,2,2,0,2,1,2,0.16,0.2273,0.69,0.0,2
2011-02-01,1,0,2,13,0,2,1,2,0.2,0.2576,0.86,0.0,52
2011-02-01,1,0,2,23,0,2,1,3,0.2,0.197,0.93,0.194,16
2011-02-02,1,0,2,9,0,3,1,2,0.24,0.2576,0.93,0.0896,123
2011-02-02,1,0,2,19,0,3,1,1,0.28,0.2424,0.45,0.4925,91
2011-02-03,1,0,2,6,0,4,1,1,0.16,0.1364,0.43,0.3582,39
2011-02-03,1,0,2,16,0,4,1,1,0.22,0.2121,0.37,0.2537,78
2011-02-04,1,0,2,2,0,5,1,2,0.14,0.1667,0.63,0.1045,1
2011-02-04,1,0,2,13,0,5,1,2,0.26,0.2576,0.5,0.2239,82
2011-02-04,1,0,2,23,0,5,1,2,0.24,0.2424,0.7,0.1343,31
2011-02-05,1,0,2,9,0,6,0,3,0.2,0.2273,1.0,0.0896,20
2011-02-05,1,0,2,19,0,6,0,2,0.28,0.2424,0.93,0.4478,84
2011-02-06,1,0,2,5,0,0,0,1,0.26,0.2576,0.6,0.2239,1
2011-02-06,1,0,2,15,0,0,0,1,0.34,0.3485,0.46,0.0896,182
2011-02-07,1,0,2,1,0,1,1,1,0.22,0.2727,0.75,0.0,5
2011-02-07,1,0,2,11,0,1,1,1,0.3,0.3182,0.65,0.0896,47
2011-02-07,1,0,2,21,0,1,1,1,0.32,0.3485,0.7,0.0,78
2011-02-08,1,0,2,7,0,2,1,1,0.24,0.197,0.65,0.4179,100
2011-02-08,1,0,2,17,0,2,1,1,0.22,0.1818,0.32,0.5821,176
2011-02-09,1,0,2,3,0,3,1,1,0.06,0.0758,0.45,0.1343,2
2011-02-09,1,0,2,14,0,3,1,1,0.2,0.1818,0.34,0.2985,58
2011-02-10,1,0,2,0,0,4,1,3,0.14,0.1364,0.86,0.194,16
2011-02-10,1,0,2,11,0,4,1,1,0.14,0.1212,0.39,0.3582,45
2011-02-10,1,0,2,21,0,4,1,1,0.14,0.2121,0.39,0.0,72
2011-02-11,1,0,2,9,0,5,1,1,0.12,0.1212,0.74,0.2239,140
2011-02-11,1,0,2,19,0,5,1,1,0.26,0.303,0.33,0.0,101
2011-02-12,1,0,2,5,0,6,0,1,0.12,0.1667,0.74,0.0896,1
2011-02-12,1,0,2,15,0,6,0,1,0.34,0.303,0.29,0.4179,174
2011-02-13,1,0,2,1,0,0,0,1,0.2,0.2273,0.59,0.0896,24
2011-02-13,1,0,2,12,0,0,0,1,0.36,0.3182,0.32,0.4627,152
2011-02-13,1,0,2,22,0,0,0,1,0.4,0.4091,0.35,0.2985,36
2011-02-14,1,0,2,8,0,1,1,1,0.38,0.3939,0.4,0.4627,256
2011-02-14,1,0,2,18,0,1,1,1,0.4,0.4091,0.4,0.6119,205
2011-02-15,1,0,2,5,0,2,1,1,0.22,0.1818,0.32,0.4627,4
2011-02-15,1,0,2,15,0,2,1,1,0.34,0.3333,0.19,0.1642,85
2011-02-16,1,0,2,1,0,3,1,1,0.2,0.2273,0.44,0.0896,9
2011-02-16,1,0,2,12,0,3,1,1,0.38,0.3939,0.32,0.3284,86
2011-02-16,1,0,2,22,0,3,1,1,0.34,0.3333,0.53,0.194,73
2011-02-17,1,0,2,8,0,4,1,1,0.32,0.3333,0.57,0.0896,285
2011-02-17,1,0,2,18,0,4,1,2,0.54,0.5152,0.42,0.2836,222
2011-02-18,1,0,2,4,0,5,1,1,0.46,0.4545,0.67,0.2537,1
2011-02-18,1,0,2,14,0,5,1,1,0.66,0.6212,0.36,0.2985,191
2011-02-19,1,0,2,0,0,6,0,1,0.48,0.4697,0.12,0.4925,29
2011-02-19,1,0,2,10,0,6,0,1,0.42,0.4242,0.16,0.5821,106
2011-02-19,1,0,2,20,0,6,0,1,0.32,0.2879,0.28,0.5224,47
2011-02-20,1,0,2,7,0,0,0,1,0.18,0.1667,0.51,0.2537,2
2011-02-20,1,0,2,17,0,0,0,1,0.34,0.3485,0.33,0.1642,146
2011-02-21,1,0,2,3,1,1,0,2,0.34,0.303,0.42,0.2985,5
2011-02-21,1,0,2,13,1,1,0,3,0.3,0.2727,0.81,0.3284,103
2011-02-21,1,0,2,23,1,1,0,3,0.2,0.1667,0.75,0.4179,2
2011-02-22,1,0,2,15,0,2,1,1,0.24,0.2273,0.48,0.194,69
2011-02-23,1,0,2,1,0,3,1,1,0.14,0.1515,0.46,0.1642,4
2011-02-23,1,0,2,12,0,3,1,1,0.26,0.2879,0.35,0.0896,67
2011-02-23,1,0,2,22,0,3,1,1,0.24,0.2879,0.48,0.0,61
2011-02-24,1,0,2,9,0,4,1,2,0.24,0.2121,0.75,0.2985,137
2011-02-24,1,0,2,19,0,4,1,3,0.34,0.303,0.93,0.2985,115
2011-02-25,1,0,2,6,0,5,1,3,0.34,0.3485,0.93,0.0896,11
2011-02-25,1,0,2,16,0,5,1,1,0.32,0.2879,0.49,0.4627,102
2011-02-26,1,0,2,2,0,6,0,1,0.22,0.197,0.6,0.3582,12
2011-02-26,1,0,2,12,0,6,0,2,0.32,0.3182,0.45,0.1642,160
2011-02-26,1,0,2,22,0,6,0,1,0.28,0.2727,0.75,0.2239,46
2011-02-27,1,0,2,9,0,0,0,1,0.28,0.303,0.87,0.0896,59
2011-02-27,1,0,2,19,0,0,0,1,0.4,0.4091,0.54,0.1343,102
2011-02-28,1,0,2,7,0,1,1,2,0.36,0.3636,0.93,0.1045,92
2011-02-28,1,0,2,17,0,1,1,3,0.4,0.4091,1.0,0.2985,79
2011-03-01,1,0,3,3,0,2,1,1,0.22,0.2121,0.69,0.2836,2
2011-03-01,1,0,3,13,0,2,1,1,0.32,0.3485,0.39,0.0,78
2011-03-01,1,0,3,23,0,2,1,1,0.24,0.2273,0.65,0.2239,25
2011-03-02,1,0,3,9,0,3,1,1,0.28,0.2576,0.56,0.2985,148
2011-03-02,1,0,3,19,0,3,1,1,0.4,0.4091,0.28,0.5224,150
2011-03-03,1,0,3,5,0,4,1,1,0.14,0.1212,0.33,0.2985,8
2011-03-03,1,0,3,15,0,4,1,1,0.24,0.2879,0.23,0.0,68
2011-03-04,1,0,3,1,0,5,1,2,0.18,0.1818,0.64,0.194,4
2011-03-04,1,0,3,11,0,5,1,1,0.28,0.2727,0.52,0.2239,89
2011-03-04,1,0,3,21,0,5,1,2,0.3,0.2879,0.7,0.2239,70
2011-03-05,1,0,3,7,0,6,0,2,0.3,0.2727,1.0,0.2985,15
2011-03-05,1,0,3,17,0,6,0,2,0.48,0.4697,0.59,0.3582,164
2011-03-06,1,0,3,3,0,0,0,2,0.42,0.4242,0.82,0.2985,11
2011-03-06,1,0,3,14,0,0,0,3,0.44,0.4394,1.0,0.2239,39
2011-03-07,1,0,3,0,0,1,1,3,0.2,0.1818,1.0,0.3284,4
2011-03-07,1,0,3,11,0,1,1,1,0.26,0.2121,0.48,0.4478,60
2011-03-07,1,0,3,21,0,1,1,1,0.28,0.2727,0.38,0.2239,54
2011-03-08,1,0,3,7,0,2,1,1,0.18,0.197,0.64,0.1343,128
2011-03-08,1,0,3,17,0,2,1,1,0.36,0.3485,0.27,0.2239,248
2011-03-09,1,0,3,3,0,3,1,1,0.24,0.2576,0.7,0.0896,3
2011-03-09,1,0,3,13,0,3,1,2,0.32,0.2879,0.76,0.3582,99
2011-03-09,1,0,3,23,0,3,1,3,0.34,0.3333,0.93,0.194,18
2011-03-10,1,0,3,11,0,4,1,3,0.4,0.4091,0.0,0.2537,11
2011-03-10,1,0,3,21,0,4,1,3,0.36,0.3485,0.0,0.2239,28
2011-03-11,1,0,3,8,0,5,1,1,0.28,0.2727,0.7,0.2537,259
2011-03-11,1,0,3,18,0,5,1,1,0.32,0.303,0.49,0.3284,153
2011-03-12,1,0,3,4,0,6,0,1,0.24,0.2273,0.65,0.2537,1
2011-03-12,1,0,3,14,0,6,0,1,0.4,0.4091,0.5,0.4478,166
2011-03-13,1,0,3,0,0,0,0,1,0.38,0.3939,0.62,0.1045,38
2011-03-13,1,0,3,11,0,0,0,1,0.44,0.4394,0.41,0.4179,181
2011-03-13,1,0,3,21,0,0,0,1,0.3,0.2879,0.56,0.2537,58
2011-03-14,1,0,3,8,0,1,1,2,0.3,0.303,0.56,0.1343,241
2011-03-14,1,0,3,18,0,1,1,1,0.36,0.3636,0.4,0.1045,235
2011-03-15,1,0,3,5,0,2,1,1,0.24,0.2273,0.75,0.194,11
2011-03-15,1,0,3,15,0,2,1,2,0.38,0.3939,0.43,0.2836,90
2011-03-16,1,0,3,1,0,3,1,3,0.3,0.2727,1.0,0.2985,3
2011-03-16,1,0,3,12,0,3,1,2,0.4,0.4091,0.71,0.1045,88
2011-03-16,1,0,3,22,0,3,1,2,0.4,0.4091,0.62,0.3881,59
2011-03-17,1,0,3,8,0,4,1,1,0.36,0.3485,0.66,0.1343,299
2011-03-17,1,0,3,18,0,4,1,2,0.46,0.4545,0.59,0.1642,310
2011-03-18,1,0,3,5,0,5,1,1,0.38,0.3939,0.66,0.1642,10
2011-03-18,1,0,3,15,0,5,1,2,0.68,0.6364,0.39,0.3582,173
2011-03-19,1,0,3,1,0,6,0,2,0.58,0.5455,0.46,0.3582,51
2011-03-19,1,0,3,11,0,6,0,1,0.46,0.4545,0.36,0.4478,196
2011-03-19,1,0,3,21,0,6,0,1,0.4,0.4091,0.37,0.2985,93
2011-03-20,1,0,3,7,0,0,0,1,0.24,0.2273,0.6,0.2239,14
2011-03-20,1,0,3,17,0,0,0,1,0.4,0.4091,0.35,0.2836,226
2011-03-21,2,0,3,3,0,1,1,2,0.34,0.303,0.71,0.3284,1
2011-03-21,2,0,3,14,0,1,1,2,0.54,0.5152,0.64,0.2239,101
2011-03-22,2,0,3,0,0,2,1,1,0.46,0.4545,0.88,0.194,11
2011-03-22,2,0,3,10,0,2,1,2,0.44,0.4394,0.54,0.2985,124
2011-03-22,2,0,3,20,0,2,1,2,0.44,0.4394,0.54,0.3582,135
2011-03-23,2,0,3,7,0,3,1,2,0.32,0.303,0.93,0.2239,118
2011-03-23,2,0,3,17,0,3,1,2,0.4,0.4091,0.76,0.2239,273
2011-03-24,2,0,3,3,0,4,1,2,0.28,0.2727,1.0,0.194,1
2011-03-24,2,0,3,13,0,4,1,2,0.32,0.303,0.7,0.2239,101
2011-03-24,2,0,3,23,0,4,1,1,0.24,0.2273,0.65,0.194,33
2011-03-25,2,0,3,9,0,5,1,1,0.24,0.2121,0.48,0.2985,166
2011-03-25,2,0,3,19,0,5,1,2,0.3,0.2879,0.36,0.2836,135
2011-03-26,2,0,3,5,0,6,0,1,0.2,0.197,0.51,0.194,8
2011-03-26,2,0,3,15,0,6,0,1,0.34,0.3333,0.29,0.194,219
2011-03-27,2,0,3,1,0,0,0,2,0.24,0.2273,0.52,0.194,20
2011-03-27,2,0,3,12,0,0,0,2,0.26,0.2576,0.44,0.2239,163
2011-03-27,2,0,3,22,0,0,0,1,0.26,0.2576,0.41,0.1642,30
2011-03-28,2,0,3,9,0,1,1,2,0.22,0.2121,0.32,0.2239,121
2011-03-28,2,0,3,19,0,1,1,1,0.3,0.303,0.22,0.1343,173
2011-03-29,2,0,3,5,0,2,1,1,0.22,0.2121,0.37,0.2537,8
2011-03-29,2,0,3,15,0,2,1,1,0.38,0.3939,0.25,0.2239,87
2011-03-30,2,0,3,1,0,3,1,1,0.32,0.3485,0.39,0.0,10
2011-03-30,2,0,3,11,0,3,1,2,0.34,0.3182,0.46,0.2537,90
2011-03-30,2,0,3,21,0,3,1,2,0.24,0.2273,0.93,0.2537,27
2011-03-31,2,0,3,7,0,4,1,3,0.24,0.2273,0.93,0.2537,92
2011-03-31,2,0,3,17,0,4,1,2,0.3,0.2879,0.87,0.2537,168
2011-04-01,2,0,4,3,0,5,1,2,0.24,0.2273,0.93,0.2537,4
2011-04-01,2,0,4,13,0,5,1,1,0.36,0.3333,0.5,0.3582,110
2011-04-01,2,0,4,23,0,5,1,1,0.3,0.3182,0.61,0.0896,53
2011-04-02,2,0,4,9,0,6,0,2,0.34,0.3485,0.66,0.1045,87
2011-04-02,2,0,4,19,0,6,0,1,0.36,0.3333,0.53,0.3582,148
2011-04-03,2,0,4,5,0,0,0,1,0.28,0.2727,0.65,0.2239,5
2011-04-03,2,0,4,15,0,0,0,2,0.46,0.4545,0.33,0.0,292
2011-04-04,2,0,4,1,0,1,1,1,0.4,0.4091,0.56,0.3582,11
2011-04-04,2,0,4,11,0,1,1,1,0.6,0.6212,0.4,0.3881,124
2011-04-04,2,0,4,21,0,1,1,2,0.7,0.6364,0.3,0.4478,95
2011-04-05,2,0,4,7,0,2,1,2,0.48,0.4697,0.88,0.3284,134
2011-04-05,2,0,4,17,0,2,1,1,0.42,0.4242,0.38,0.4179,273
2011-04-06,2,0,4,3,0,3,1,1,0.26,0.2727,0.6,0.1343,4
2011-04-06,2,0,4,13,0,3,1,1,0.46,0.4545,0.38,0.4925,112
2011-04-06,2,0,4,23,0,3,1,1,0.46,0.4545,0.41,0.2985,40
2011-04-07,2,0,4,9,0,4,1,2,0.4,0.4091,0.66,0.1343,170
2011-04-07,2,0,4,19,0,4,1,1,0.46,0.4545,0.59,0.2985,226
2011-04-08,2,0,4,5,0,5,1,2,0.32,0.3182,0.87,0.194,9
2011-04-08,2,0,4,15,0,5,1,3,0.34,0.3182,0.87,0.2239,25
2011-04-09,2,0,4,1,0,6,0,2,0.3,0.303,0.87,0.1343,20
2011-04-09,2,0,4,11,0,6,0,2,0.36,0.3636,0.81,0.0,142
2011-04-09,2,0,4,21,0,6,0,2,0.36,0.3485,0.93,0.1343,75
2011-04-10,2,0,4,7,0,0,0,2,0.36,0.3636,1.0,0.0896,10
2011-04-10,2,0,4,17,0,0,0,2,0.52,0.5,0.72,0.194,236
2011-04-11,2,0,4,4,0,1,1,1,0.46,0.4545,0.94,0.194,1
2011-04-11,2,0,4,14,0,1,1,2,0.72,0.6667,0.54,0.3582,145
2011-04-12,2,0,4,0,0,2,1,2,0.62,0.6212,0.5,0.1045,24
2011-04-12,2,0,4,10,0,2,1,3,0.5,0.4848,0.82,0.4179,40
2011-04-12,2,0,4,20,0,2,1,2,0.42,0.4242,0.82,0.2836,103
2011-04-13,2,0,4,6,0,3,1,3,0.38,0.3939,0.94,0.2239,34
2011-04-13,2,0,4,16,0,3,1,1,0.46,0.4545,0.67,0.2836,142
2011-04-14,2,0,4,2,0,4,1,1,0.36,0.3485,0.76,0.1343,3
2011-04-14,2,0,4,12,0,4,1,1,0.54,0.5152,0.42,0.1343,145
2011-04-14,2,0,4,22,0,4,1,1,0.48,0.4697,0.55,0.1045,104
2011-04-15,2,0,4,8,1,5,0,1,0.44,0.4394,0.62,0.2985,300
2011-04-15,2,0,4,18,1,5,0,2,0.46,0.4545,0.67,0.3881,263
2011-04-16,2,0,4,4,0,6,0,2,0.36,0.3485,0.87,0.2239,5
2011-04-16,2,0,4,14,0,6,0,3,0.52,0.5,0.83,0.5821,63
2011-04-17,2,0,4,0,0,0,0,2,0.44,0.4394,0.77,0.2836,33
2011-04-17,2,0,4,10,0,0,0,1,0.42,0.4242,0.44,0.4478,211
2011-04-17,2,0,4,20,0,0,0,1,0.52,0.5,0.36,0.194,141
2011-04-18,2,0,4,6,0,1,1,1,0.4,0.4091,0.82,0.0,54
2011-04-18,2,0,4,16,0,1,1,1,0.6,0.6212,0.46,0.2836,205
2011-04-19,2,0,4,2,0,2,1,1,0.46,0.4545,0.67,0.2836,13
2011-04-19,2,0,4,12,0,2,1,2,0.54,0.5152,0.64,0.0896,103
2011-04-19,2,0,4,22,0,2,1,1,0.48,0.4697,0.77,0.0896,112
2011-04-20,2,0,4,8,0,3,1,1,0.62,0.6061,0.69,0.4627,396
2011-04-20,2,0,4,18,0,3,1,1,0.74,0.6515,0.3,0.3582,441
2011-04-21,2,0,4,4,0,4,1,2,0.44,0.4394,0.54,0.4478,6
2011-04-21,2,0,4,14,0,4,1,1,0.5,0.4848,0.34,0.3881,228
2011-04-22,2,0,4,0,0,5,1,1,0.36,0.3485,0.62,0.194,33
2011-04-22,2,0,4,10,0,5,1,2,0.36,0.3485,0.62,0.194,136
2011-04-22,2,0,4,20,0,5,1,3,0.32,0.303,0.87,0.2239,47
2011-04-23,2,0,4,6,0,6,0,2,0.34,0.3333,1.0,0.1642,11
2011-04-23,2,0,4,16,0,6,0,1,0.6,0.5909,0.73,0.2836,426
2011-04-24,2,0,4,2,0,0,0,1,0.5,0.4848,0.88,0.194,72
2011-04-24,2,0,4,12,0,0,0,1,0.68,0.6364,0.65,0.2537,388
2011-04-24,2,0,4,22,0,0,0,3,0.54,0.5152,1.0,0.1642,45
2011-04-25,2,0,4,8,0,1,1,1,0.56,0.5303,0.88,0.1045,353
2011-04-25,2,0,4,18,0,1,1,1,0.68,0.6364,0.57,0.3582,499
2011-04-26,2,0,4,4,0,2,1,1,0.56,0.5303,0.83,0.2537,6
2011-04-26,2,0,4,14,0,2,1,1,0.72,0.6667,0.58,0.3284,155
2011-04-27,2,0,4,0,0,3,1,1,0.6,0.5606,0.83,0.2239,27
2011-04-27,2,0,4,10,0,3,1,2,0.62,0.5758,0.83,0.2836,92
2011-04-27,2,0,4,20,0,3,1,1,0.64,0.5758,0.83,0.3284,218
2011-04-28,2,0,4,6,0,4,1,2,0.64,0.5909,0.78,0.4627,86
2011-04-28,2,0,4,16,0,4,1,1,0.62,0.5909,0.78,0.2537,270
2011-04-29,2,0,4,2,0,5,1,1,0.46,0.4545,0.63,0.1045,10
2011-04-29,2,0,4,12,0,5,1,1,0.56,0.5303,0.37,0.2836,223
2011-04-29,2,0,4,22,0,5,1,1,0.42,0.4242,0.58,0.1642,146
2011-04-30,2,0,4,8,0,6,0,1,0.4,0.4091,0.54,0.2985,91
2011-04-30,2,0,4,18,0,6,0,1,0.54,0.5152,0.43,0.1343,371
2011-05-01,2,0,5,4,0,0,0,1,0.4,0.4091,0.76,0.1045,17
2011-05-01,2,0,5,14,0,0,0,2,0.5,0.4848,0.68,0.1045,238
2011-05-02,2,0,5,0,0,1,1,1,0.46,0.4545,0.72,0.1343,177
2011-05-02,2,0,5,10,0,1,1,2,0.54,0.5152,0.77,0.2239,108
2011-05-02,2,0,5,20,0,1,1,2,0.62,0.6061,0.69,0.1343,218
2011-05-03,2,0,5,6,0,2,1,2,0.52,0.5,0.94,0.1642,109
2011-05-03,2,0,5,16,0,2,1,1,0.72,0.6667,0.54,0.4627,271
2011-05-04,2,0,5,2,0,3,1,3,0.5,0.4848,0.82,0.2836,4
2011-05-04,2,0,5,12,0,3,1,2,0.44,0.4394,0.62,0.3582,124
2011-05-04,2,0,5,22,0,3,1,1,0.38,0.3939,0.62,0.2239,89
2011-05-05,2,0,5,8,0,4,1,1,0.42,0.4242,0.5,0.2537,440
2011-05-05,2,0,5,18,0,4,1,1,0.56,0.5303,0.26,0.2836,520
2011-05-06,2,0,5,4,0,5,1,1,0.36,0.3636,0.71,0.1045,1
2011-05-06,2,0,5,14,0,5,1,1,0.6,0.6212,0.4,0.4478,213
2011-05-07,2,0,5,0,0,6,0,1,0.42,0.4242,0.82,0.1343,86
2011-05-07,2,0,5,10,0,6,0,1,0.56,0.5303,0.49,0.2985,298
2011-05-07,2,0,5,20,0,6,0,1,0.56,0.5303,0.43,0.1343,219
2011-05-08,2,0,5,6,0,0,0,2,0.44,0.4394,0.82,0.0,6
2011-05-08,2,0,5,16,0,0,0,1,0.6,0.6212,0.46,0.1045,385
2011-05-09,2,0,5,2,0,1,1,1,0.44,0.4394,0.94,0.0,8
2011-05-09,2,0,5,12,0,1,1,1,0.6,0.6212,0.43,0.194,195
2011-05-09,2,0,5,22,0,1,1,1,0.52,0.5,0.68,0.0896,116
2011-05-10,2,0,5,8,0,2,1,2,0.5,0.4848,0.51,0.1045,425
2011-05-10,2,0,5,18,0,2,1,1,0.64,0.6212,0.29,0.1343,550
2011-05-11,2,0,5,4,0,3,1,2,0.48,0.4697,0.88,0.1343,2
2011-05-11,2,0,5,14,0,3,1,1,0.62,0.6212,0.53,0.0896,177
2011-05-12,2,0,5,0,0,4,1,2,0.46,0.4545,0.88,0.2239,44
2011-05-12,2,0,5,10,0,4,1,2,0.54,0.5152,0.68,0.2239,147
2011-05-12,2,0,5,20,0,4,1,1,0.6,0.6061,0.64,0.194,276
2011-05-13,2,0,5,6,0,5,1,3,0.5,0.4848,0.88,0.1343,82
2011-05-13,2,0,5,16,0,5,1,2,0.52,0.5,0.88,0.1343,300
2011-05-14,2,0,5,2,0,6,0,2,0.5,0.4848,0.88,0.1343,52
2011-05-14,2,0,5,12,0,6,0,3,0.52,0.5,1.0,0.0896,279
2011-05-14,2,0,5,22,0,6,0,3,0.54,0.5152,0.94,0.1642,26
2011-05-15,2,0,5,8,0,0,0,2,0.54,0.5152,0.94,0.1343,70
2011-05-15,2,0,5,18,0,0,0,1,0.56,0.5303,0.78,0.2537,237
2011-05-16,2,0,5,4,0,1,1,1,0.5,0.4848,1.0,0.1343,6
2011-05-16,2,0,5,14,0,1,1,1,0.68,0.6364,0.51,0.0,193
2011-05-17,2,0,5,0,0,2,1,2,0.56,0.5303,0.88,0.0,31
2011-05-17,2,0,5,10,0,2,1,3,0.54,0.5152,0.88,0.2537,104
2011-05-17,2,0,5,20,0,2,1,1,0.58,0.5455,0.83,0.4179,283
2011-05-18,2,0,5,6,0,3,1,1,0.52,0.5,1.0,0.1343,101
2011-05-18,2,0,5,16,0,3,1,1,0.6,0.5909,0.73,0.194,294
2011-05-19,2,0,5,2,0,4,1,1,0.5,0.4848,0.94,0.0,15
2011-05-19,2,0,5,12,0,4,1,2,0.58,0.5455,0.78,0.1045,168
2011-05-19,2,0,5,22,0,4,1,3,0.5,0.4848,0.82,0.2985,79
2011-05-20,2,0,5,8,0,5,1,1,0.54,0.5152,0.68,0.0,517
2011-05-20,2,0,5,18,0,5,1,1,0.6,0.6212,0.56,0.1642,473
2011-05-21,2,0,5,4,0,6,0,1,0.46,0.4545,0.88,0.1343,7
2011-05-21,2,0,5,14,0,6,0,1,0.72,0.6515,0.42,0.0,456
2011-05-22,2,0,5,0,0,0,0,1,0.54,0.5152,0.88,0.1642,131
2011-05-22,2,0,5,10,0,0,0,1,0.64,0.6061,0.65,0.1343,305
2011-05-22,2,0,5,20,0,0,0,1,0.64,0.6061,0.65,0.1642,231
2011-05-23,2,0,5,6,0,1,1,2,0.54,0.5152,1.0,0.0,96
2011-05-23,2,0,5,16,0,1,1,2,0.72,0.6818,0.62,0.2985,279
2011-05-24,2,0,5,2,0,2,1,2,0.6,0.5152,0.94,0.194,10
2011-05-24,2,0,5,12,0,2,1,1,0.76,0.6818,0.45,0.3881,170
2011-05-24,2,0,5,22,0,2,1,3,0.62,0.5606,0.88,0.2239,141
2011-05-25,2,0,5,8,0,3,1,1,0.64,0.6061,0.69,0.2239,531
2011-05-25,2,0,5,18,0,3,1,1,0.72,0.6667,0.58,0.2239,517
2011-05-26,2,0,5,4,0,4,1,1,0.6,0.5455,0.88,0.0,2
2011-05-26,2,0,5,14,0,4,1,1,0.82,0.7727,0.52,0.2836,189
2011-05-27,2,0,5,0,0,5,1,1,0.68,0.6364,0.69,0.2537,69
2011-05-27,2,0,5,10,0,5,1,1,0.72,0.6667,0.54,0.3881,153
2011-05-27,2,0,5,20,0,5,1,2,0.62,0.5909,0.73,0.2239,144
2011-05-28,2,0,5,6,0,6,0,1,0.58,0.5455,0.83,0.2537,19
2011-05-28,2,0,5,16,0,6,0,1,0.76,0.697,0.55,0.2836,402
2011-05-29,2,0,5,2,0,0,0,1,0.62,0.5606,0.88,0.1045,61
2011-05-29,2,0,5,12,0,0,0,2,0.7,0.6667,0.74,0.2239,402
2011-05-29,2,0,5,22,0,0,0,1,0.66,0.5909,0.89,0.1343,171
2011-05-30,2,0,5,8,1,1,0,2,0.66,0.5909,0.89,0.1045,94
2011-05-30,2,0,5,18,1,1,0,1,0.86,0.7879,0.41,0.1642,249
2011-05-31,2,0,5,4,0,2,1,1,0.66,0.6061,0.83,0.0896,3
2011-05-31,2,0,5,14,0,2,1,1,0.9,0.8182,0.37,0.0,140
2011-06-01,2,0,6,0,0,3,1,1,0.7,0.6667,0.79,0.1642,34
2011-06-01,2,0,6,10,0,3,1,2,0.76,0.7424,0.75,0.2537,115
2011-06-01,2,0,6,20,0,3,1,2,0.74,0.7121,0.79,0.2537,256
2011-06-02,2,0,6,6,0,4,1,1,0.66,0.6212,0.39,0.1343,113
2011-06-02,2,0,6,16,0,4,1,1,0.8,0.6818,0.22,0.4925,318
2011-06-03,2,0,6,2,0,5,1,1,0.56,0.5303,0.43,0.2239,12
2011-06-03,2,0,6,12,0,5,1,1,0.66,0.6212,0.27,0.2836,259
2011-06-03,2,0,6,22,0,5,1,1,0.62,0.6212,0.35,0.0,171
2011-06-04,2,0,6,8,0,6,0,1,0.6,0.6212,0.46,0.0896,125
2011-06-04,2,0,6,18,0,6,0,2,0.74,0.6515,0.3,0.1642,341
2011-06-05,2,0,6,4,0,0,0,2,0.62,0.6061,0.65,0.1642,12
2011-06-05,2,0,6,14,0,0,0,1,0.7,0.6515,0.58,0.1642,385
2011-06-06,2,0,6,0,0,1,1,1,0.62,0.5909,0.78,0.1343,29
2011-06-06,2,0,6,10,0,1,1,1,0.72,0.6667,0.51,0.2239,95
2011-06-06,2,0,6,20,0,1,1,1,0.68,0.6364,0.61,0.1343,336
2011-06-07,2,0,6,6,0,2,1,1,0.6,0.5758,0.78,0.1343,126
2011-06-07,2,0,6,16,0,2,1,1,0.8,0.7121,0.38,0.2239,308
2011-06-08,2,0,6,2,0,3,1,1,0.64,0.5758,0.89,0.0896,7
2011-06-08,2,0,6,12,0,3,1,1,0.88,0.8182,0.42,0.1343,149
2011-06-08,2,0,6,22,0,3,1,1,0.76,0.7424,0.75,0.1642,176
2011-06-09,2,0,6,8,0,4,1,2,0.76,0.7273,0.7,0.1045,432
2011-06-09,2,0,6,18,0,4,1,1,0.88,0.803,0.39,0.2836,466
2011-06-10,2,0,6,4,0,5,1,1,0.66,0.6061,0.78,0.1642,4
2011-06-10,2,0,6,14,0,5,1,1,0.86,0.7727,0.39,0.0,165
2011-06-11,2,0,6,0,0,6,0,1,0.7,0.6667,0.79,0.1343,117
2011-06-11,2,0,6,10,0,6,0,1,0.74,0.6818,0.58,0.1642,264
2011-06-11,2,0,6,20,0,6,0,1,0.68,0.6364,0.74,0.2537,275
2011-06-12,2,0,6,6,0,0,0,1,0.62,0.5606,0.88,0.1045,14
2011-06-12,2,0,6,16,0,0,0,3,0.68,0.6364,0.83,0.2836,350
2011-06-13,2,0,6,2,0,1,1,1,0.62,0.5909,0.73,0.2836,10
2011-06-13,2,0,6,12,0,1,1,1,0.66,0.6212,0.41,0.2836,196
2011-06-13,2,0,6,22,0,1,1,1,0.62,0.6212,0.46,0.2239,134
2011-06-14,2,0,6,8,0,2,1,1,0.58,0.5455,0.49,0.3881,486
2011-06-14,2,0,6,18,0,2,1,1,0.62,0.6212,0.51,0.3284,538
2011-06-15,2,0,6,4,0,3,1,1,0.5,0.4848,0.63,0.2836,4
2011-06-15,2,0,6,14,0,3,1,1,0.74,0.6515,0.28,0.0,178
2011-06-16,2,0,6,0,0,4,1,1,0.6,0.6212,0.56,0.1045,47
2011-06-16,2,0,6,10,0,4,1,2,0.66,0.6212,0.61,0.2537,121
2011-06-16,2,0,6,20,0,4,1,1,0.62,0.5758,0.83,0.3284,201
2011-06-17,2,0,6,6,0,5,1,1,0.56,0.5303,0.94,0.0,97
2011-06-17,2,0,6,16,0,5,1,1,0.76,0.6818,0.45,0.1642,355
2011-06-18,2,0,6,2,0,6,0,1,0.6,0.5455,0.88,0.0,53
2011-06-18,2,0,6,12,0,6,0,1,0.74,0.697,0.66,0.0896,420
2011-06-18,2,0,6,22,0,6,0,2,0.72,0.6818,0.62,0.1343,161
2011-06-19,2,0,6,8,0,0,0,3,0.68,0.6364,0.74,0.1045,84
2011-06-19,2,0,6,18,0,0,0,2,0.74,0.6818,0.58,0.0896,296
2011-06-20,2,0,6,4,0,1,1,3,0.62,0.5606,0.88,0.1642,3
2011-06-20,2,0,6,14,0,1,1,1,0.66,0.6212,0.61,0.1045,175
2011-06-21,3,0,6,0,0,2,1,1,0.62,0.5909,0.78,0.1642,33
2011-06-21,3,0,6,10,0,2,1,2,0.64,0.5758,0.83,0.194,161
2011-06-21,3,0,6,20,0,2,1,3,0.74,0.697,0.7,0.2239,326
2011-06-22,3,0,6,6,0,3,1,1,0.66,0.6061,0.83,0.0,122
2011-06-22,3,0,6,16,0,3,1,2,0.82,0.803,0.59,0.3284,258
2011-06-23,3,0,6,2,0,4,1,1,0.72,0.697,0.74,0.2239,4
2011-06-23,3,0,6,12,0,4,1,2,0.76,0.7273,0.66,0.2836,160
2011-06-23,3,0,6,22,0,4,1,2,0.7,0.6667,0.74,0.2239,162
2011-06-24,3,0,6,8,0,5,1,1,0.7,0.6667,0.74,0.2239,466
2011-06-24,3,0,6,18,0,5,1,1,0.76,0.6667,0.37,0.2985,452
2011-06-25,3,0,6,4,0,6,0,1,0.64,0.6212,0.57,0.194,11
2011-06-25,3,0,6,14,0,6,0,1,0.74,0.6667,0.45,0.2985,383
2011-06-26,3,0,6,0,0,0,0,1,0.64,0.6212,0.53,0.0,115
2011-06-26,3,0,6,10,0,0,0,1,0.72,0.6667,0.48,0.1045,332
2011-06-26,3,0,6,20,0,0,0,2,0.7,0.6515,0.48,0.1045,213
2011-06-27,3,0,6,6,0,1,1,2,0.62,0.5909,0.78,0.1642,94
2011-06-27,3,0,6,16,0,1,1,1,0.74,0.6818,0.55,0.1045,275
2011-06-28,3,0,6,2,0,2,1,2,0.66,0.6212,0.74,0.0,11
2011-06-28,3,0,6,12,0,2,1,1,0.84,0.7727,0.47,0.2239,202
2011-06-28,3,0,6,22,0,2,1,1,0.7,0.6515,0.7,0.2985,134
2011-06-29,3,0,6,8,0,3,1,1,0.7,0.6515,0.48,0.2836,540
2011-06-29,3,0,6,18,0,3,1,1,0.8,0.697,0.29,0.2985,588
2011-06-30,3,0,6,4,0,4,1,1,0.58,0.5455,0.64,0.1343,6
2011-06-30,3,0,6,14,0,4,1,1,0.78,0.6818,0.31,0.194,163
2011-07-01,3,0,7,0,0,5,1,1,0.66,0.6212,0.5,0.0,68
2011-07-01,3,0,7,10,0,5,1,1,0.76,0.6667,0.33,0.1642,170
2011-07-01,3,0,7,20,0,5,1,1,0.72,0.6515,0.42,0.2239,269
2011-07-02,3,0,7,6,0,6,0,1,0.62,0.6061,0.69,0.1045,32
2011-07-02,3,0,7,16,0,6,0,1,0.88,0.7424,0.22,0.2239,398
2011-07-03,3,0,7,2,0,0,0,1,0.7,0.6515,0.58,0.194,69
2011-07-03,3,0,7,12,0,0,0,1,0.8,0.7576,0.55,0.1045,404
2011-07-03,3,0,7,22,0,0,0,2,0.66,0.6061,0.78,0.1045,162
2011-07-04,3,0,7,8,1,1,0,1,0.7,0.6667,0.74,0.1045,86
2011-07-04,3,0,7,18,1,1,0,1,0.8,0.7273,0.46,0.1343,418
2011-07-05,3,0,7,4,0,2,1,1,0.66,0.6212,0.69,0.1642,5
2011-07-05,3,0,7,14,0,2,1,1,0.8,0.7424,0.49,0.1642,178
2011-07-06,3,0,7,0,0,3,1,1,0.72,0.697,0.74,0.194,37
2011-07-06,3,0,7,10,0,3,1,3,0.7,0.6667,0.79,0.0896,43
2011-07-06,3,0,7,20,0,3,1,1,0.72,0.697,0.74,0.2537,312
2011-07-07,3,0,7,6,0,4,1,2,0.64,0.5758,0.89,0.1343,118
2011-07-07,3,0,7,16,0,4,1,1,0.86,0.7727,0.39,0.2239,265
2011-07-08,3,0,7,2,0,5,1,2,0.7,0.6667,0.74,0.1642,22
2011-07-08,3,0,7,12,0,5,1,2,0.76,0.7273,0.7,0.2836,213
2011-07-08,3,0,7,22,0,5,1,2,0.66,0.6061,0.78,0.194,169
2011-07-09,3,0,7,8,0,6,0,1,0.7,0.6515,0.7,0.2537,182
2011-07-09,3,0,7,18,0,6,0,1,0.82,0.7273,0.36,0.1045,378
2011-07-10,3,0,7,4,0,0,0,1,0.66,0.6212,0.69,0.0896,5
2011-07-10,3,0,7,14,0,0,0,1,0.82,0.7424,0.41,0.3284,349
2011-07-11,3,0,7,0,0,1,1,1,0.7,0.6515,0.65,0.194,35
2011-07-11,3,0,7,10,0,1,1,1,0.8,0.7576,0.55,0.3582,117
2011-07-11,3,0,7,20,0,1,1,1,0.72,0.697,0.74,0.4179,236
2011-07-12,3,0,7,6,0,2,1,1,0.74,0.6818,0.58,0.2239,115
2011-07-12,3,0,7,16,0,2,1,1,0.86,0.7879,0.44,0.2836,202
2011-07-13,3,0,7,2,0,3,1,1,0.76,0.697,0.55,0.0,5
2011-07-13,3,0,7,12,0,3,1,1,0.84,0.7576,0.41,0.2836,174
2011-07-13,3,0,7,22,0,3,1,1,0.68,0.6364,0.83,0.194,184
2011-07-14,3,0,7,8,0,4,1,1,0.64,0.6212,0.5,0.3582,486
2011-07-14,3,0,7,18,0,4,1,1,0.72,0.6515,0.42,0.194,578
2011-07-15,3,0,7,4,0,5,1,1,0.6,0.5909,0.73,0.1642,10
2011-07-15,3,0,7,14,0,5,1,1,0.7,0.6515,0.51,0.194,265
2011-07-16,3,0,7,0,0,6,0,1,0.62,0.6061,0.65,0.194,110
2011-07-16,3,0,7,10,0,6,0,1,0.72,0.6667,0.54,0.194,322
2011-07-16,3,0,7,20,0,6,0,1,0.72,0.6667,0.51,0.2239,296
2011-07-17,3,0,7,6,0,0,0,1,0.62,0.5909,0.73,0.1642,21
2011-07-17,3,0,7,16,0,0,0,1,0.8,0.7273,0.46,0.2985,317
2011-07-18,3,0,7,2,0,1,1,1,0.66,0.6061,0.83,0.2239,10
2011-07-18,3,0,7,12,0,1,1,1,0.8,0.7727,0.59,0.194,165
2011-07-18,3,0,7,22,0,1,1,1,0.76,0.7273,0.66,0.2239,140
2011-07-19,3,0,7,8,0,2,1,2,0.76,0.7273,0.7,0.1642,412
2011-07-19,3,0,7,18,0,2,1,1,0.8,0.803,0.66,0.1343,530
2011-07-20,3,0,7,4,0,3,1,1,0.68,0.6364,0.83,0.0,4
2011-07-20,3,0,7,14,0,3,1,1,0.86,0.8333,0.53,0.2239,127
2011-07-21,3,0,7,0,0,4,1,2,0.76,0.7424,0.75,0.194,42
2011-07-21,3,0,7,10,0,4,1,2,0.82,0.8636,0.71,0.2239,78
2011-07-21,3,0,7,20,0,4,1,1,0.84,0.8939,0.71,0.2239,237
2011-07-22,3,0,7,6,0,5,1,1,0.76,0.7424,0.75,0.0896,96
2011-07-22,3,0,7,16,0,5,1,3,0.9,0.8333,0.39,0.2985,182
2011-07-23,3,0,7,2,0,6,0,1,0.82,0.7727,0.52,0.0,61
2011-07-23,3,0,7,12,0,6,0,1,0.92,0.8636,0.37,0.1045,235
2011-07-23,3,0,7,22,0,6,0,1,0.8,0.7727,0.59,0.194,125
2011-07-24,3,0,7,8,0,0,0,1,0.82,0.7879,0.56,0.2836,104
2011-07-24,3,0,7,18,0,0,0,1,0.88,0.8182,0.42,0.1642,243
2011-07-25,3,0,7,4,0,1,1,1,0.72,0.7121,0.84,0.0896,6
2011-07-25,3,0,7,14,0,1,1,2,0.72,0.697,0.79,0.194,90
2011-07-26,3,0,7,0,0,2,1,1,0.7,0.6667,0.79,0.1045,28
2011-07-26,3,0,7,10,0,2,1,1,0.8,0.697,0.31,0.2239,138
2011-07-26,3,0,7,20,0,2,1,1,0.8,0.7273,0.46,0.2537,290
2011-07-27,3,0,7,6,0,3,1,1,0.7,0.6515,0.54,0.2239,123
2011-07-27,3,0,7,16,0,3,1,1,0.86,0.7273,0.25,0.1642,268
2011-07-28,3,0,7,2,0,4,1,1,0.72,0.6667,0.54,0.1045,7
2011-07-28,3,0,7,12,0,4,1,1,0.84,0.803,0.53,0.2537,186
2011-07-28,3,0,7,22,0,4,1,1,0.76,0.7273,0.7,0.2537,174
2011-07-29,3,0,7,8,0,5,1,2,0.76,0.7727,0.77,0.0,384
2011-07-29,3,0,7,18,0,5,1,1,0.92,0.8636,0.37,0.3284,362
2011-07-30,3,0,7,4,0,6,0,1,0.72,0.6818,0.66,0.1642,10
2011-07-30,3,0,7,14,0,6,0,1,0.9,0.7879,0.29,0.0,305
2011-07-31,3,0,7,0,0,0,0,1,0.76,0.697,0.55,0.0896,113
2011-07-31,3,0,7,10,0,0,0,1,0.84,0.7424,0.36,0.1642,254
2011-07-31,3,0,7,20,0,0,0,1,0.8,0.7576,0.55,0.3284,275
2011-08-01,3,0,8,6,0,1,1,1,0.66,0.6061,0.83,0.0896,100
2011-08-01,3,0,8,16,0,1,1,1,0.9,0.7879,0.27,0.0,231
2011-08-02,3,0,8,2,0,2,1,1,0.68,0.6364,0.69,0.0,8
2011-08-02,3,0,8,12,0,2,1,1,0.86,0.7424,0.3,0.2836,157
2011-08-02,3,0,8,22,0,2,1,2,0.78,0.7424,0.59,0.1642,191
2011-08-03,3,0,8,8,0,3,1,2,0.74,0.6667,0.51,0.1642,437
2011-08-03,3,0,8,18,0,3,1,3,0.7,0.6667,0.84,0.0,492
2011-08-04,3,0,8,4,0,4,1,2,0.68,0.6364,0.89,0.0,7
2011-08-04,3,0,8,14,0,4,1,1,0.8,0.7576,0.55,0.1642,167
2011-08-05,3,0,8,0,0,5,1,1,0.66,0.6212,0.74,0.1045,54
2011-08-05,3,0,8,10,0,5,1,1,0.74,0.6818,0.55,0.1343,163
2011-08-05,3,0,8,20,0,5,1,1,0.72,0.6667,0.58,0.2239,291
2011-08-06,3,0,8,6,0,6,0,1,0.64,0.5758,0.89,0.1045,27
2011-08-06,3,0,8,16,0,6,0,3,0.74,0.7121,0.79,0.1642,343
2011-08-07,3,0,8,2,0,0,0,2,0.7,0.6667,0.84,0.2239,66
2011-08-07,3,0,8,12,0,0,0,1,0.9,0.8485,0.42,0.2985,370
2011-08-07,3,0,8,22,0,0,0,1,0.7,0.6667,0.89,0.194,103
2011-08-08,3,0,8,8,0,1,1,1,0.74,0.6818,0.58,0.3284,349
2011-08-08,3,0,8,18,0,1,1,1,0.84,0.7576,0.41,0.1343,529
2011-08-09,3,0,8,4,0,2,1,1,0.7,0.6667,0.74,0.0,7
2011-08-09,3,0,8,14,0,2,1,1,0.86,0.7879,0.44,0.2836,148
2011-08-10,3,0,8,0,0,3,1,1,0.74,0.6667,0.51,0.2239,37
2011-08-10,3,0,8,10,0,3,1,1,0.8,0.7273,0.43,0.2239,113
2011-08-10,3,0,8,20,0,3,1,1,0.76,0.6667,0.31,0.1343,312
2011-08-11,3,0,8,6,0,4,1,1,0.62,0.6061,0.65,0.1642,106
2011-08-11,3,0,8,16,0,4,1,1,0.8,0.697,0.27,0.194,298
2011-08-12,3,0,8,2,0,5,1,1,0.62,0.6212,0.57,0.194,15
2011-08-12,3,0,8,12,0,5,1,1,0.8,0.697,0.27,0.0,222
2011-08-12,3,0,8,22,0,5,1,1,0.68,0.6364,0.51,0.0,231
2011-08-13,3,0,8,8,0,6,0,2,0.7,0.6515,0.65,0.1642,118
2011-08-13,3,0,8,18,0,6,0,1,0.7,0.6667,0.74,0.2239,292
2011-08-14,3,0,8,4,0,0,0,3,0.64,0.5606,0.94,0.194,3
2011-08-14,3,0,8,14,0,0,0,1,0.74,0.697,0.7,0.194,370
2011-08-15,3,0,8,0,0,1,1,3,0.6,0.5455,0.88,0.0896,25
2011-08-15,3,0,8,10,0,1,1,1,0.68,0.6364,0.69,0.2836,141
2011-08-15,3,0,8,20,0,1,1,1,0.66,0.6212,0.74,0.1343,285
2011-08-16,3,0,8,6,0,2,1,1,0.62,0.5909,0.73,0.3284,119
2011-08-16,3,0,8,16,0,2,1,1,0.8,0.7121,0.41,0.2239,303
2011-08-17,3,0,8,2,0,3,1,1,0.66,0.6212,0.69,0.0,6
2011-08-17,3,0,8,12,0,3,1,1,0.8,0.7273,0.43,0.2836,189
2011-08-17,3,0,8,22,0,3,1,1,0.7,0.6515,0.65,0.194,171
2011-08-18,3,0,8,8,0,4,1,1,0.66,0.6212,0.74,0.2836,420
2011-08-18,3,0,8,18,0,4,1,3,0.76,0.697,0.55,0.2537,274
2011-08-19,3,0,8,4,0,5,1,1,0.64,0.5758,0.83,0.0,8
2011-08-19,3,0,8,14,0,5,1,1,0.78,0.7273,0.55,0.194,220
2011-08-20,3,0,8,0,0,6,0,1,0.6,0.5455,0.88,0.0,128
2011-08-20,3,0,8,10,0,6,0,1,0.72,0.6818,0.62,0.1045,306
2011-08-20,3,0,8,20,0,6,0,1,0.74,0.6818,0.62,0.2239,248
2011-08-21,3,0,8,6,0,0,0,1,0.66,0.5909,0.89,0.2836,14
2011-08-21,3,0,8,16,0,0,0,1,0.72,0.697,0.79,0.1642,258
2011-08-22,3,0,8,2,0,1,1,2,0.7,0.6515,0.65,0.1045,8
2011-08-22,3,0,8,12,0,1,1,1,0.74,0.6515,0.35,0.3881,207
2011-08-22,3,0,8,22,0,1,1,1,0.64,0.6212,0.38,0.2985,153
2011-08-23,3,0,8,8,0,2,1,2,0.62,0.6212,0.5,0.0,504
2011-08-23,3,0,8,18,0,2,1,1,0.72,0.6515,0.34,0.194,519
2011-08-24,3,0,8,4,0,3,1,1,0.56,0.5303,0.73,0.1045,7
2011-08-24,3,0,8,14,0,3,1,1,0.76,0.6818,0.48,0.4179,204
2011-08-25,3,0,8,0,0,4,1,1,0.68,0.6364,0.74,0.2985,52
2011-08-25,3,0,8,10,0,4,1,2,0.74,0.697,0.66,0.2985,142
2011-08-25,3,0,8,20,0,4,1,1,0.64,0.5909,0.78,0.3582,225
2011-08-26,3,0,8,6,0,5,1,1,0.62,0.5606,0.88,0.0,105
2011-08-26,3,0,8,16,0,5,1,1,0.78,0.7424,0.62,0.1045,343
2011-08-27,3,0,8,2,0,6,0,1,0.7,0.6667,0.84,0.194,77
2011-08-27,3,0,8,12,0,6,0,3,0.66,0.6061,0.83,0.4925,76
2011-08-28,3,0,8,11,0,0,0,1,0.7,0.6515,0.58,0.3881,237
2011-08-28,3,0,8,21,0,0,0,1,0.66,0.6212,0.61,0.1343,186
2011-08-29,3,0,8,7,0,1,1,1,0.6,0.6061,0.6,0.2239,284
2011-08-29,3,0,8,17,0,1,1,2,0.7,0.6364,0.47,0.2239,591
2011-08-30,3,0,8,3,0,2,1,1,0.54,0.5152,0.73,0.194,4
2011-08-30,3,0,8,13,0,2,1,1,0.74,0.6515,0.35,0.1045,229
2011-08-30,3,0,8,23,0,2,1,1,0.62,0.6061,0.61,0.0,93
2011-08-31,3,0,8,9,0,3,1,1,0.64,0.6061,0.69,0.0896,244
2011-08-31,3,0,8,19,0,3,1,1,0.84,0.7727,0.47,0.2537,446
2011-09-01,3,0,9,5,0,4,1,1,0.56,0.5303,0.73,0.0896,23
2011-09-01,3,0,9,15,0,4,1,1,0.72,0.6667,0.51,0.1343,174
2011-09-02,3,0,9,1,0,5,1,3,0.62,0.5909,0.73,0.1045,32
2011-09-02,3,0,9,11,0,5,1,2,0.66,0.6212,0.74,0.1045,192
2011-09-02,3,0,9,21,0,5,1,2,0.64,0.6061,0.73,0.0896,149
2011-09-03,3,0,9,7,0,6,0,1,0.62,0.5909,0.73,0.194,38
2011-09-03,3,0,9,17,0,6,0,1,0.72,0.6818,0.7,0.2239,371
2011-09-04,3,0,9,3,0,0,0,1,0.64,0.5758,0.89,0.194,43
2011-09-04,3,0,9,13,0,0,0,2,0.78,0.7424,0.62,0.2836,419
2011-09-04,3,0,9,23,0,0,0,2,0.72,0.6818,0.7,0.1642,104
2011-09-05,3,0,9,9,1,1,0,3,0.68,0.6364,0.74,0.1642,152
2011-09-05,3,0,9,19,1,1,0,3,0.66,0.5909,0.94,0.1045,175
2011-09-06,3,0,9,6,0,2,1,2,0.54,0.5152,0.88,0.3284,72
2011-09-06,3,0,9,16,0,2,1,3,0.54,0.5152,0.94,0.3881,106
2011-09-07,3,0,9,2,0,3,1,2,0.54,0.5152,0.94,0.2239,6
2011-09-07,3,0,9,12,0,3,1,3,0.56,0.5303,0.94,0.0,22
2011-09-07,3,0,9,22,0,3,1,3,0.62,0.5455,0.94,0.1642,29
2011-09-08,3,0,9,9,0,4,1,2,0.62,0.5152,1.0,0.2537,69
2011-09-08,3,0,9,19,0,4,1,3,0.62,0.5152,1.0,0.3284,52
2011-09-09,3,0,9,5,0,5,1,2,0.62,0.5455,0.94,0.1343,14
2011-09-09,3,0,9,15,0,5,1,1,0.74,0.697,0.66,0.0,188
2011-09-10,3,0,9,1,0,6,0,2,0.62,0.5455,0.94,0.0,83
2011-09-10,3,0,9,11,0,6,0,1,0.72,0.6818,0.62,0.2537,360
2011-09-10,3,0,9,21,0,6,0,1,0.64,0.5909,0.78,0.0896,230
2011-09-11,3,0,9,7,0,0,0,1,0.6,0.5455,0.88,0.0,37
2011-09-11,3,0,9,17,0,0,0,1,0.72,0.6667,0.51,0.1343,380
2011-09-12,3,0,9,4,0,1,1,1,0.54,0.5152,0.94,0.1045,4
2011-09-12,3,0,9,14,0,1,1,1,0.74,0.6667,0.51,0.1642,189
2011-09-13,3,0,9,0,0,2,1,1,0.6,0.5455,0.88,0.1045,26
2011-09-13,3,0,9,10,0,2,1,1,0.68,0.6364,0.69,0.1343,135
2011-09-13,3,0,9,20,0,2,1,1,0.66,0.6212,0.74,0.194,272
2011-09-14,3,0,9,6,0,3,1,1,0.58,0.5455,0.88,0.1045,145
2011-09-14,3,0,9,16,0,3,1,1,0.76,0.697,0.52,0.2836,277
2011-09-15,3,0,9,2,0,4,1,1,0.62,0.5909,0.73,0.1045,5
2011-09-15,3,0,9,12,0,4,1,2,0.66,0.6212,0.69,0.2985,179
2011-09-15,3,0,9,22,0,4,1,1,0.44,0.4394,0.67,0.2836,115
2011-09-16,3,0,9,8,0,5,1,1,0.42,0.4242,0.67,0.2239,409
2011-09-16,3,0,9,18,0,5,1,2,0.52,0.5,0.52,0.1642,482
2011-09-17,3,0,9,4,0,6,0,1,0.46,0.4545,0.72,0.1343,5
2011-09-17,3,0,9,14,0,6,0,2,0.52,0.5,0.72,0.194,297
2011-09-18,3,0,9,0,0,0,0,1,0.46,0.4545,0.77,0.2239,112
2011-09-18,3,0,9,10,0,0,0,1,0.5,0.4848,0.72,0.1642,260
2011-09-18,3,0,9,20,0,0,0,2,0.54,0.5152,0.68,0.0896,180
2011-09-19,3,0,9,6,0,1,1,1,0.5,0.4848,0.77,0.2239,113
2011-09-19,3,0,9,16,0,1,1,2,0.6,0.6061,0.6,0.1642,263
2011-09-20,3,0,9,2,0,2,1,2,0.54,0.5152,0.88,0.1642,5
2011-09-20,3,0,9,12,0,2,1,2,0.56,0.5303,0.94,0.1642,60
2011-09-20,3,0,9,22,0,2,1,1,0.56,0.5303,0.94,0.0,148
2011-09-21,3,0,9,8,0,3,1,2,0.54,0.5152,1.0,0.1045,462
2011-09-21,3,0,9,18,0,3,1,3,0.64,0.5758,0.83,0.1642,408
2011-09-22,3,0,9,4,0,4,1,2,0.6,0.5152,0.94,0.0896,2
2011-09-22,3,0,9,14,0,4,1,2,0.66,0.6061,0.83,0.2239,183
2011-09-23,4,0,9,0,0,5,1,2,0.62,0.5455,0.94,0.0896,52
2011-09-23,4,0,9,10,0,5,1,3,0.62,0.5152,1.0,0.1045,35
2011-09-23,4,0,9,20,0,5,1,1,0.6,0.5152,0.94,0.0,179
2011-09-24,4,0,9,6,0,6,0,2,0.56,0.5303,0.94,0.1045,18
2011-09-24,4,0,9,16,0,6,0,2,0.64,0.5909,0.78,0.0896,449
2011-09-25,4,0,9,2,0,0,0,3,0.6,0.5152,0.94,0.0,106
2011-09-25,4,0,9,12,0,0,0,2,0.66,0.6061,0.78,0.0,413
2011-09-25,4,0,9,22,0,0,0,1,0.62,0.5606,0.88,0.0896,104
2011-09-26,4,0,9,8,0,1,1,2,0.62,0.5455,0.94,0.0,355
2011-09-26,4,0,9,18,0,1,1,1,0.66,0.6061,0.83,0.1045,553
2011-09-27,4,0,9,4,0,2,1,3,0.62,0.5455,0.94,0.0896,8
2011-09-27,4,0,9,14,0,2,1,2,0.68,0.6364,0.79,0.1045,152
2011-09-28,4,0,9,0,0,3,1,1,0.6,0.5455,0.88,0.0,36
2011-09-28,4,0,9,10,0,3,1,2,0.62,0.5455,0.94,0.0,129
2011-09-28,4,0,9,20,0,3,1,3,0.6,0.5606,0.83,0.2985,102
2011-09-29,4,0,9,6,0,4,1,2,0.6,0.5455,0.88,0.0896,111
2011-09-29,4,0,9,16,0,4,1,1,0.68,0.6364,0.41,0.3582,291
2011-09-30,4,0,9,2,0,5,1,1,0.52,0.5,0.83,0.1045,15
2011-09-30,4,0,9,12,0,5,1,2,0.64,0.6212,0.57,0.194,254
2011-09-30,4,0,9,22,0,5,1,1,0.52,0.5,0.55,0.3284,159
2011-10-01,4,0,10,8,0,6,0,2,0.4,0.4091,0.76,0.3284,67
2011-10-01,4,0,10,18,0,6,0,3,0.38,0.3939,0.87,0.2239,140
2011-10-02,4,0,10,4,0,0,0,2,0.34,0.3182,0.87,0.2537,7
2011-10-02,4,0,10,14,0,0,0,3,0.36,0.3485,0.81,0.1642,256
2011-10-03,4,0,10,0,0,1,1,1,0.34,0.3485,0.87,0.1045,16
2011-10-03,4,0,10,10,0,1,1,2,0.4,0.4091,0.66,0.1045,101
2011-10-03,4,0,10,20,0,1,1,3,0.4,0.4091,0.82,0.0,204
2011-10-04,4,0,10,6,0,2,1,1,0.4,0.4091,0.82,0.1045,112
2011-10-04,4,0,10,16,0,2,1,1,0.58,0.5455,0.56,0.3284,309
2011-10-05,4,0,10,2,0,3,1,1,0.46,0.4545,0.82,0.1642,3
2011-10-05,4,0,10,12,0,3,1,1,0.62,0.6212,0.43,0.3284,214
2011-10-05,4,0,10,22,0,3,1,1,0.52,0.5,0.72,0.0,154
2011-10-06,4,0,10,8,0,4,1,1,0.44,0.4394,0.62,0.1642,457
2011-10-06,4,0,10,18,0,4,1,1,0.54,0.5152,0.64,0.0896,538
2011-10-07,4,0,10,4,0,5,1,1,0.4,0.4091,0.87,0.1045,5
2011-10-07,4,0,10,14,0,5,1,1,0.62,0.6212,0.5,0.0,256
2011-10-08,4,0,10,0,0,6,0,1,0.48,0.4697,0.72,0.0,89
2011-10-08,4,0,10,10,0,6,0,1,0.52,0.5,0.77,0.0,337
2011-10-08,4,0,10,20,0,6,0,1,0.52,0.5,0.77,0.1045,202
2011-10-09,4,0,10,6,0,0,0,1,0.44,0.4394,0.88,0.0,21
2011-10-09,4,0,10,16,0,0,0,1,0.66,0.6212,0.5,0.1343,470
2011-10-10,4,0,10,2,1,1,0,1,0.48,0.4697,0.88,0.0,19
2011-10-10,4,0,10,12,1,1,0,2,0.7,0.6515,0.48,0.0896,365
2011-10-10,4,0,10,22,1,1,0,1,0.56,0.5303,0.88,0.0896,126
2011-10-11,4,0,10,8,0,2,1,2,0.56,0.5303,0.83,0.1045,406
2011-10-11,4,0,10,18,0,2,1,2,0.6,0.5758,0.78,0.2239,539
2011-10-12,4,0,10,4,0,3,1,3,0.54,0.5152,0.94,0.3881,7
2011-10-12,4,0,10,14,0,3,1,3,0.54,0.5152,0.94,0.2836,78
2011-10-13,4,0,10,0,0,4,1,2,0.54,0.5152,0.94,0.1343,15
2011-10-13,4,0,10,10,0,4,1,3,0.56,0.5303,1.0,0.1343,69
2011-10-13,4,0,10,20,0,4,1,1,0.62,0.5758,0.83,0.2836,181
2011-10-14,4,0,10,6,0,5,1,3,0.56,0.5303,0.88,0.194,94
2011-10-14,4,0,10,16,0,5,1,1,0.6,0.6212,0.43,0.2239,344
2011-10-15,4,0,10,2,0,6,0,1,0.46,0.4545,0.59,0.194,56
2011-10-15,4,0,10,12,0,6,0,1,0.58,0.5455,0.35,0.5522,456
2011-10-15,4,0,10,22,0,6,0,1,0.5,0.4848,0.36,0.1343,166
2011-10-16,4,0,10,8,0,0,0,1,0.44,0.4394,0.62,0.194,99
2011-10-16,4,0,10,18,0,0,0,1,0.56,0.5303,0.49,0.4478,328
2011-10-17,4,0,10,4,0,1,1,1,0.52,0.5,0.59,0.1642,5
2011-10-17,4,0,10,14,0,1,1,1,0.58,0.5455,0.49,0.194,166
2011-10-18,4,0,10,0,0,2,1,1,0.48,0.4697,0.82,0.0,31
2011-10-18,4,0,10,10,0,2,1,2,0.56,0.5303,0.68,0.0,102
2011-10-18,4,0,10,20,0,2,1,1,0.54,0.5152,0.64,0.1642,227
2011-10-19,4,0,10,7,0,3,1,3,0.52,0.5,0.77,0.2537,68
2011-10-19,4,0,10,17,0,3,1,3,0.56,0.5303,0.94,0.1642,181
2011-10-20,4,0,10,3,0,4,1,1,0.5,0.4848,0.82,0.4627,1
2011-10-20,4,0,10,13,0,4,1,1,0.5,0.4848,0.45,0.5821,164
2011-10-20,4,0,10,23,0,4,1,1,0.42,0.4242,0.58,0.2537,90
2011-10-21,4,0,10,9,0,5,1,2,0.42,0.4242,0.58,0.1343,222
2011-10-21,4,0,10,19,0,5,1,2,0.44,0.4394,0.54,0.3881,253
2011-10-22,4,0,10,5,0,6,0,1,0.38,0.3939,0.66,0.0,8
2011-10-22,4,0,10,15,0,6,0,1,0.48,0.4697,0.51,0.2239,382
2011-10-23,4,0,10,1,0,0,0,1,0.36,0.3788,0.87,0.0,71
2011-10-23,4,0,10,11,0,0,0,1,0.46,0.4545,0.72,0.1642,333
2011-10-23,4,0,10,21,0,0,0,1,0.44,0.4394,0.72,0.0896,99
2011-10-24,4,0,10,7,0,1,1,2,0.38,0.3939,0.94,0.1045,285
2011-10-24,4,0,10,17,0,1,1,1,0.52,0.5,0.68,0.1343,614
2011-10-25,4,0,10,3,0,2,1,1,0.4,0.4091,0.87,0.0,4
2011-10-25,4,0,10,13,0,2,1,1,0.56,0.5303,0.37,0.3881,198
2011-10-25,4,0,10,23,0,2,1,1,0.44,0.4394,0.72,0.1343,94
2011-10-26,4,0,10,9,0,3,1,2,0.48,0.4697,0.63,0.2239,240
2011-10-26,4,0,10,19,0,3,1,1,0.5,0.4848,0.82,0.0,331
2011-10-27,4,0,10,5,0,4,1,3,0.48,0.4697,0.88,0.0896,15
2011-10-27,4,0,10,15,0,4,1,2,0.52,0.5,0.83,0.1045,107
2011-10-28,4,0,10,1,0,5,1,1,0.32,0.303,0.66,0.2537,16
2011-10-28,4,0,10,11,0,5,1,1,0.36,0.3485,0.5,0.2239,168
2011-10-28,4,0,10,21,0,5,1,3,0.32,0.3182,0.7,0.1642,74
2011-10-29,4,0,10,7,0,6,0,3,0.26,0.2273,0.87,0.3582,7
2011-10-29,4,0,10,17,0,6,0,3,0.22,0.197,0.93,0.3284,31
2011-10-30,4,0,10,3,0,0,0,1,0.24,0.2121,0.75,0.3582,33
2011-10-30,4,0,10,13,0,0,0,1,0.4,0.4091,0.43,0.2239,345
2011-10-30,4,0,10,23,0,0,0,1,0.26,0.303,0.87,0.0,37
2011-10-31,4,0,10,9,0,1,1,2,0.32,0.3182,0.76,0.1642,211
2011-10-31,4,0,10,19,0,1,1,1,0.4,0.4091,0.66,0.0896,238
2011-11-01,4,0,11,5,0,2,1,1,0.32,0.3182,0.81,0.194,18
2011-11-01,4,0,11,15,0,2,1,1,0.5,0.4848,0.45,0.1343,186
2011-11-02,4,0,11,1,0,3,1,1,0.3,0.3333,0.87,0.0,10
2011-11-02,4,0,11,11,0,3,1,1,0.42,0.4242,0.71,0.1343,144
2011-11-02,4,0,11,21,0,3,1,1,0.38,0.3939,0.71,0.1343,168
2011-11-03,4,0,11,7,0,4,1,2,0.32,0.3333,0.81,0.0896,292
2011-11-03,4,0,11,17,0,4,1,1,0.48,0.4697,0.55,0.0896,498
2011-11-04,4,0,11,3,0,5,1,2,0.38,0.3939,0.87,0.1642,8
2011-11-04,4,0,11,13,0,5,1,1,0.44,0.4394,0.51,0.4179,194
2011-11-04,4,0,11,23,0,5,1,1,0.32,0.303,0.49,0.3284,89
2011-11-05,4,0,11,9,0,6,0,1,0.3,0.2727,0.56,0.2985,141
2011-11-05,4,0,11,19,0,6,0,1,0.34,0.3636,0.53,0.0,204
2011-11-06,4,0,11,5,0,0,0,1,0.24,0.2424,0.87,0.1343,5
2011-11-06,4,0,11,15,0,0,0,1,0.48,0.4697,0.51,0.194,306
2011-11-07,4,0,11,1,0,1,1,1,0.34,0.3636,0.87,0.0,8
2011-11-07,4,0,11,11,0,1,1,1,0.42,0.4242,0.77,0.1045,128
2011-11-07,4,0,11,21,0,1,1,1,0.38,0.3939,0.82,0.1045,139
2011-11-08,4,0,11,7,0,2,1,1,0.3,0.3182,0.87,0.1045,323
2011-11-08,4,0,11,17,0,2,1,1,0.52,0.5,0.43,0.1642,499
2011-11-09,4,0,11,3,0,3,1,1,0.32,0.3485,0.93,0.0,4
2011-11-09,4,0,11,13,0,3,1,1,0.5,0.4848,0.51,0.1642,167
2011-11-09,4,0,11,23,0,3,1,1,0.38,0.3939,0.87,0.0,66
2011-11-10,4,0,11,9,0,4,1,2,0.42,0.4242,0.94,0.1045,211
2011-11-10,4,0,11,19,0,4,1,2,0.36,0.3485,0.71,0.2239,211
2011-11-11,4,0,11,5,1,5,0,1,0.3,0.2879,0.49,0.2537,13
2011-11-11,4,0,11,15,1,5,0,1,0.36,0.3333,0.37,0.4179,216
2011-11-12,4,0,11,1,0,6,0,1,0.24,0.2424,0.6,0.1343,54
2011-11-12,4,0,11,11,0,6,0,1,0.38,0.3939,0.54,0.2836,315
2011-11-12,4,0,11,21,0,6,0,1,0.42,0.4242,0.47,0.2836,122
2011-11-13,4,0,11,7,0,0,0,1,0.34,0.3182,0.66,0.2239,43
2011-11-13,4,0,11,17,0,0,0,1,0.52,0.5,0.27,0.3284,231
2011-11-14,4,0,11,3,0,1,1,1,0.44,0.4394,0.67,0.2836,7
2011-11-14,4,0,11,13,0,1,1,1,0.6,0.6212,0.49,0.3881,203
2011-11-14,4,0,11,23,0,1,1,1,0.56,0.5303,0.64,0.2985,61
2011-11-15,4,0,11,9,0,2,1,2,0.56,0.5303,0.64,0.0896,200
2011-11-15,4,0,11,19,0,2,1,2,0.5,0.4848,0.72,0.3582,286
2011-11-16,4,0,11,5,0,3,1,3,0.46,0.4545,0.94,0.1045,13
2011-11-16,4,0,11,15,0,3,1,3,0.48,0.4697,0.94,0.1045,66
2011-11-17,4,0,11,1,0,4,1,2,0.42,0.4242,0.82,0.1642,5
2011-11-17,4,0,11,11,0,4,1,3,0.32,0.303,0.66,0.3284,97
2011-11-17,4,0,11,21,0,4,1,1,0.3,0.2879,0.42,0.2537,116
2011-11-18,4,0,11,7,0,5,1,1,0.22,0.2273,0.44,0.1642,216
2011-11-18,4,0,11,17,0,5,1,1,0.32,0.3333,0.31,0.1343,378
2011-11-19,4,0,11,3,0,6,0,1,0.26,0.2424,0.48,0.2537,15
2011-11-19,4,0,11,13,0,6,0,1,0.42,0.4242,0.3,0.2836,363
2011-11-19,4,0,11,23,0,6,0,1,0.38,0.3939,0.62,0.2239,93
2011-11-20,4,0,11,9,0,0,0,1,0.44,0.4394,0.72,0.1642,138
2011-11-20,4,0,11,19,0,0,0,2,0.5,0.4848,0.72,0.1045,157
2011-11-21,4,0,11,5,0,1,1,2,0.44,0.4394,1.0,0.0,20
2011-11-21,4,0,11,15,0,1,1,3,0.44,0.4394,0.94,0.2239,108
2011-11-22,4,0,11,1,0,2,1,3,0.4,0.4091,0.94,0.1343,6
2011-11-22,4,0,11,11,0,2,1,3,0.4,0.4091,0.94,0.1343,32
2011-11-22,4,0,11,21,0,2,1,2,0.46,0.4545,1.0,0.2537,90
2011-11-23,4,0,11,7,0,3,1,2,0.46,0.4545,1.0,0.0896,156
2011-11-23,4,0,11,17,0,3,1,3,0.38,0.3939,0.71,0.3881,163
2011-11-24,4,0,11,3,1,4,0,1,0.28,0.2879,0.65,0.1343,5
2011-11-24,4,0,11,13,1,4,0,1,0.48,0.4697,0.33,0.2239,175
2011-11-24,4,0,11,23,1,4,0,1,0.34,0.3485,0.76,0.1045,21
2011-11-25,4,0,11,9,0,5,1,1,0.32,0.3485,0.76,0.0,95
2011-11-25,4,0,11,19,0,5,1,1,0.42,0.4242,0.67,0.0,134
2011-11-26,4,0,11,5,0,6,0,1,0.3,0.3182,0.75,0.1045,3
2011-11-26,4,0,11,15,0,6,0,2,0.5,0.4848,0.42,0.1045,314
2011-11-27,4,0,11,1,0,0,0,1,0.36,0.3788,0.81,0.0,44
2011-11-27,4,0,11,11,0,0,0,1,0.5,0.4848,0.63,0.3582,240
2011-11-27,4,0,11,21,0,0,0,1,0.48,0.4697,0.67,0.2836,88
2011-11-28,4,0,11,8,0,1,1,2,0.42,0.4242,0.94,0.0,407
2011-11-28,4,0,11,18,0,1,1,1,0.56,0.5303,0.64,0.2239,416
2011-11-29,4,0,11,4,0,2,1,2,0.52,0.5,0.83,0.3284,6
2011-11-29,4,0,11,14,0,2,1,3,0.4,0.4091,0.94,0.194,36
2011-11-30,4,0,11,0,0,3,1,1,0.36,0.3333,0.62,0.4179,24
2011-11-30,4,0,11,10,0,3,1,1,0.34,0.3182,0.66,0.2239,110
2011-11-30,4,0,11,20,0,3,1,2,0.32,0.303,0.57,0.2836,190
2011-12-01,4,0,12,6,0,4,1,1,0.24,0.2121,0.65,0.2836,97
2011-12-01,4,0,12,16,0,4,1,1,0.4,0.4091,0.4,0.194,201
2011-12-02,4,0,12,2,0,5,1,1,0.24,0.2879,0.75,0.0,10
2011-12-02,4,0,12,12,0,5,1,1,0.36,0.3485,0.57,0.1343,204
2011-12-02,4,0,12,22,0,5,1,1,0.32,0.3182,0.53,0.194,102
2011-12-03,4,0,12,8,0,6,0,1,0.24,0.2576,0.75,0.0896,63
2011-12-03,4,0,12,18,0,6,0,1,0.34,0.3333,0.53,0.1343,224
2011-12-04,4,0,12,4,0,0,0,1,0.26,0.303,0.87,0.0,11
2011-12-04,4,0,12,14,0,0,0,1,0.42,0.4242,0.62,0.1343,323
2011-12-05,4,0,12,0,0,1,1,1,0.32,0.3333,0.87,0.0896,24
2011-12-05,4,0,12,10,0,1,1,2,0.36,0.3636,0.87,0.0896,87
2011-12-05,4,0,12,20,0,1,1,2,0.46,0.4545,0.82,0.1045,205
2011-12-06,4,0,12,6,0,2,1,2,0.44,0.4394,0.94,0.2836,86
2011-12-06,4,0,12,16,0,2,1,3,0.46,0.4545,1.0,0.2537,88
2011-12-07,4,0,12,2,0,3,1,3,0.46,0.4545,1.0,0.2239,6
2011-12-07,4,0,12,12,0,3,1,3,0.44,0.4394,1.0,0.1343,33
2011-12-07,4,0,12,22,0,3,1,3,0.24,0.197,0.93,0.4478,13
2011-12-08,4,0,12,8,0,4,1,1,0.22,0.2121,0.55,0.2836,429
2011-12-08,4,0,12,18,0,4,1,1,0.28,0.2727,0.52,0.2239,318
2011-12-09,4,0,12,4,0,5,1,1,0.22,0.2727,0.8,0.0,2
2011-12-09,4,0,12,14,0,5,1,1,0.38,0.3939,0.46,0.2836,187
2011-12-10,4,0,12,0,0,6,0,2,0.26,0.2727,0.81,0.1045,77
2011-12-10,4,0,12,10,0,6,0,1,0.32,0.303,0.57,0.2537,192
2011-12-10,4,0,12,20,0,6,0,1,0.24,0.2273,0.35,0.2239,124
2011-12-11,4,0,12,6,0,0,0,1,0.16,0.2273,0.59,0.0,10
2011-12-11,4,0,12,16,0,0,0,1,0.3,0.3333,0.26,0.0,206
2011-12-12,4,0,12,2,0,1,1,1,0.2,0.2576,0.69,0.0,4
2011-12-12,4,0,12,12,0,1,1,1,0.28,0.2879,0.52,0.1045,145
2011-12-12,4,0,12,22,0,1,1,1,0.26,0.303,0.7,0.0,71
2011-12-13,4,0,12,8,0,2,1,1,0.2,0.2273,0.69,0.1045,400
2011-12-13,4,0,12,18,0,2,1,1,0.34,0.3182,0.42,0.2239,382
2011-12-14,4,0,12,4,0,3,1,1,0.26,0.303,0.75,0.0,4
2011-12-14,4,0,12,14,0,3,1,2,0.38,0.3939,0.54,0.0896,151
2011-12-15,4,0,12,0,0,4,1,1,0.32,0.3182,0.7,0.1642,50
2011-12-15,4,0,12,10,0,4,1,2,0.4,0.4091,0.58,0.2985,109
2011-12-15,4,0,12,20,0,4,1,1,0.52,0.5,0.59,0.3284,221
2011-12-16,4,0,12,6,0,5,1,2,0.44,0.4394,0.33,0.2985,82
2011-12-16,4,0,12,16,0,5,1,2,0.32,0.303,0.45,0.2239,224
2011-12-17,4,0,12,2,0,6,0,2,0.28,0.2727,0.56,0.2239,58
2011-12-17,4,0,12,12,0,6,0,2,0.28,0.2576,0.45,0.2836,244
2011-12-17,4,0,12,22,0,6,0,1,0.2,0.2121,0.75,0.1642,80
2011-12-18,4,0,12,8,0,0,0,1,0.2,0.2576,0.69,0.0,32
2011-12-18,4,0,12,18,0,0,0,1,0.28,0.2727,0.45,0.194,138
2011-12-19,4,0,12,4,0,1,1,1,0.16,0.1818,0.86,0.1343,4
2011-12-19,4,0,12,14,0,1,1,1,0.36,0.3485,0.46,0.2239,137
2011-12-20,4,0,12,0,0,2,1,1,0.36,0.3636,0.57,0.1045,21
2011-12-20,4,0,12,10,0,2,1,2,0.42,0.4242,0.58,0.194,129
2011-12-20,4,0,12,20,0,2,1,1,0.36,0.3788,0.66,0.0,147
2011-12-21,1,0,12,6,0,3,1,2,0.36,0.3788,0.87,0.0,76
2011-12-21,1,0,12,16,0,3,1,3,0.44,0.4394,1.0,0.3284,101
2011-12-22,1,0,12,2,0,4,1,1,0.48,0.4697,0.82,0.1045,11
2011-12-22,1,0,12,12,0,4,1,2,0.48,0.4697,0.55,0.0,202
2011-12-22,1,0,12,22,0,4,1,3,0.36,0.3636,0.93,0.1045,17
2011-12-23,1,0,12,8,0,5,1,1,0.4,0.4091,0.76,0.2537,182
2011-12-23,1,0,12,18,0,5,1,1,0.36,0.3333,0.5,0.2537,95
2011-12-24,1,0,12,4,0,6,0,2,0.32,0.3182,0.66,0.1642,3
2011-12-24,1,0,12,14,0,6,0,1,0.34,0.303,0.39,0.2985,85
2011-12-25,1,0,12,0,0,0,0,1,0.24,0.2273,0.6,0.194,6
2011-12-25,1,0,12,11,0,0,0,1,0.3,0.303,0.7,0.1642,85
2011-12-25,1,0,12,21,0,0,0,1,0.3,0.303,0.56,0.1343,19
2011-12-26,1,0,12,8,1,1,0,1,0.32,0.3333,0.45,0.1343,18
2011-12-26,1,0,12,18,1,1,0,1,0.32,0.3333,0.49,0.0896,75
2011-12-27,1,0,12,4,0,2,1,2,0.3,0.2879,0.65,0.2239,3
2011-12-27,1,0,12,14,0,2,1,3,0.42,0.4242,0.82,0.3881,14
2011-12-28,1,0,12,0,0,3,1,1,0.32,0.3182,0.87,0.1642,10
2011-12-28,1,0,12,11,0,3,1,1,0.36,0.3333,0.46,0.3582,111
2011-12-28,1,0,12,21,0,3,1,1,0.22,0.2273,0.44,0.1343,70
2011-12-29,1,0,12,7,0,4,1,1,0.18,0.2121,0.64,0.0896,106
2011-12-29,1,0,12,17,0,4,1,1,0.3,0.303,0.61,0.1642,240
2011-12-30,1,0,12,3,0,5,1,1,0.24,0.2576,0.7,0.1045,6
2011-12-30,1,0,12,13,0,5,1,2,0.36,0.3485,0.53,0.1343,207
2011-12-30,1,0,12,23,0,5,1,2,0.36,0.3333,0.66,0.2537,73
2011-12-31,1,0,12,9,0,6,0,1,0.38,0.3939,0.76,0.0,90
2011-12-31,1,0,12,19,0,6,0,1,0.42,0.4242,0.54,0.2239,92
2012-01-01,1,1,1,5,0,0,0,1,0.28,0.2879,0.81,0.1045,5
2012-01-01,1,1,1,15,0,0,0,1,0.46,0.4545,0.51,0.2985,265
2012-01-02,1,1,1,1,1,1,0,1,0.36,0.3333,0.43,0.4179,12
2012-01-02,1,1,1,12,1,1,0,1,0.28,0.2727,0.36,0.2537,202
2012-01-02,1,1,1,22,1,1,0,2,0.22,0.2121,0.44,0.2836,39
2012-01-03,1,1,1,8,0,2,1,1,0.16,0.1364,0.55,0.2836,354
2012-01-03,1,1,1,18,0,2,1,1,0.14,0.0909,0.26,0.5224,224
2012-01-04,1,1,1,4,0,3,1,1,0.02,0.0455,0.41,0.194,2
2012-01-04,1,1,1,14,0,3,1,2,0.14,0.1212,0.46,0.2537,75
2012-01-05,1,1,1,0,0,4,1,2,0.22,0.2273,0.47,0.194,14
2012-01-05,1,1,1,10,0,4,1,2,0.24,0.2576,0.52,0.0896,86
2012-01-05,1,1,1,20,0,4,1,1,0.3,0.3333,0.49,0.0,177
2012-01-06,1,1,1,6,0,5,1,2,0.22,0.2424,0.73,0.1045,70
2012-01-06,1,1,1,16,0,5,1,1,0.52,0.5,0.27,0.2836,294
2012-01-07,1,1,1,2,0,6,0,1,0.36,0.3636,0.5,0.1045,38
2012-01-07,1,1,1,12,0,6,0,1,0.4,0.4091,0.43,0.2239,376
2012-01-07,1,1,1,22,0,6,0,1,0.44,0.4394,0.38,0.2537,109
2012-01-08,1,1,1,8,0,0,0,1,0.3,0.303,0.52,0.1343,57
2012-01-08,1,1,1,18,0,0,0,1,0.34,0.3182,0.46,0.2239,181
2012-01-09,1,1,1,4,0,1,1,1,0.22,0.2424,0.64,0.1045,4
2012-01-09,1,1,1,14,0,1,1,3,0.22,0.2273,0.75,0.1642,50
2012-01-10,1,1,1,0,0,2,1,2,0.22,0.2424,0.87,0.1045,14
2012-01-10,1,1,1,11,0,2,1,1,0.42,0.4242,0.38,0.2985,101
2012-01-10,1,1,1,21,0,2,1,1,0.32,0.3333,0.66,0.0896,116
2012-01-11,1,1,1,7,0,3,1,1,0.2,0.2121,0.8,0.1343,256
2012-01-11,1,1,1,17,0,3,1,3,0.34,0.3182,0.87,0.2239,134
2012-01-12,1,1,1,3,0,4,1,3,0.36,0.3485,0.93,0.2537,3
2012-01-12,1,1,1,13,0,4,1,1,0.42,0.4242,0.77,0.1642,183
2012-01-12,1,1,1,23,0,4,1,1,0.4,0.4091,0.76,0.3284,67
2012-01-13,1,1,1,9,0,5,1,1,0.22,0.197,0.47,0.3881,214
2012-01-13,1,1,1,19,0,5,1,1,0.26,0.2424,0.38,0.2836,206
2012-01-14,1,1,1,5,0,6,0,1,0.14,0.1515,0.5,0.1343,4
2012-01-14,1,1,1,15,0,6,0,1,0.24,0.2121,0.38,0.2985,226
2012-01-15,1,1,1,1,0,0,0,2,0.16,0.1364,0.47,0.2985,42
2012-01-15,1,1,1,11,0,0,0,1,0.16,0.1515,0.47,0.2239,165
2012-01-15,1,1,1,21,0,0,0,1,0.16,0.1667,0.4,0.1642,72
2012-01-16,1,1,1,7,1,1,0,1,0.1,0.1364,0.54,0.1045,33
2012-01-16,1,1,1,17,1,1,0,1,0.26,0.2273,0.48,0.3284,193
2012-01-17,1,1,1,4,0,2,1,3,0.32,0.303,0.66,0.3284,2
2012-01-17,1,1,1,14,0,2,1,1,0.44,0.4394,0.62,0.4925,132
2012-01-18,1,1,1,0,0,3,1,2,0.46,0.4545,0.77,0.3284,17
2012-01-18,1,1,1,10,0,3,1,1,0.3,0.2727,0.42,0.4627,93
2012-01-18,1,1,1,20,0,3,1,1,0.22,0.2121,0.37,0.2537,165
2012-01-19,1,1,1,6,0,4,1,1,0.12,0.1364,0.54,0.1642,86
2012-01-19,1,1,1,16,0,4,1,1,0.26,0.2273,0.41,0.3284,193
2012-01-20,1,1,1,2,0,5,1,1,0.26,0.2727,0.48,0.1343,11
2012-01-20,1,1,1,12,0,5,1,2,0.2,0.1818,0.34,0.3284,124
2012-01-20,1,1,1,22,0,5,1,2,0.2,0.197,0.37,0.2239,72
2012-01-21,1,1,1,8,0,6,0,2,0.16,0.1515,0.93,0.2537,25
2012-01-21,1,1,1,18,0,6,0,2,0.2,0.1818,0.75,0.3881,110
2012-01-22,1,1,1,4,0,0,0,3,0.16,0.1364,0.8,0.2836,2
2012-01-22,1,1,1,14,0,0,0,2,0.16,0.1667,0.8,0.1642,182
2012-01-23,1,1,1,0,0,1,1,2,0.18,0.2424,0.86,0.0,19
2012-01-23,1,1,1,10,0,1,1,2,0.2,0.2576,0.93,0.0,149
2012-01-23,1,1,1,20,0,1,1,2,0.26,0.2576,1.0,0.1642,169
2012-01-24,1,1,1,6,0,2,1,2,0.32,0.3182,0.93,0.194,89
2012-01-24,1,1,1,16,0,2,1,1,0.4,0.4091,0.71,0.1343,278
2012-01-25,1,1,1,2,0,3,1,1,0.28,0.2727,0.7,0.194,6
2012-01-25,1,1,1,12,0,3,1,1,0.32,0.3333,0.53,0.1343,193
2012-01-25,1,1,1,22,0,3,1,1,0.3,0.3182,0.65,0.0896,113
2012-01-26,1,1,1,8,0,4,1,2,0.28,0.303,0.81,0.0896,530
2012-01-26,1,1,1,18,0,4,1,2,0.42,0.4242,0.71,0.0,406
2012-01-27,1,1,1,4,0,5,1,2,0.4,0.4091,1.0,0.2985,4
2012-01-27,1,1,1,14,0,5,1,1,0.5,0.4848,0.55,0.5522,176
2012-01-28,1,1,1,0,0,6,0,1,0.3,0.2879,0.52,0.2836,69
2012-01-28,1,1,1,10,0,6,0,1,0.26,0.2727,0.7,0.1343,191
2012-01-28,1,1,1,20,0,6,0,1,0.4,0.4091,0.35,0.3881,120
2012-01-29,1,1,1,6,0,0,0,1,0.2,0.2273,0.4,0.1045,5
2012-01-29,1,1,1,16,0,0,0,1,0.36,0.3333,0.21,0.4179,322
2012-01-30,1,1,1,2,0,1,1,1,0.24,0.2121,0.48,0.3582,7
2012-01-30,1,1,1,12,0,1,1,1,0.26,0.2273,0.35,0.3881,134
2012-01-30,1,1,1,22,0,1,1,1,0.28,0.2727,0.48,0.2239,94
2012-01-31,1,1,1,8,0,2,1,1,0.26,0.2727,0.6,0.1045,512
2012-01-31,1,1,1,18,0,2,1,1,0.54,0.5152,0.24,0.3582,502
2012-02-01,1,1,2,4,0,3,1,1,0.4,0.4091,0.5,0.1642,1
2012-02-01,1,1,2,14,0,3,1,1,0.62,0.6212,0.33,0.2239,192
2012-02-02,1,1,2,0,0,4,1,1,0.46,0.4545,0.59,0.1343,31
2012-02-02,1,1,2,10,0,4,1,3,0.42,0.4242,0.77,0.1045,78
2012-02-02,1,1,2,20,0,4,1,1,0.36,0.3182,0.46,0.5224,213
2012-02-03,1,1,2,6,0,5,1,1,0.24,0.2424,0.65,0.1642,88
2012-02-03,1,1,2,16,0,5,1,1,0.4,0.4091,0.37,0.1045,311
2012-02-04,1,1,2,2,0,6,0,1,0.24,0.2576,0.7,0.0896,44
2012-02-04,1,1,2,12,0,6,0,2,0.3,0.3182,0.7,0.0896,300
2012-02-04,1,1,2,22,0,6,0,2,0.24,0.2576,0.87,0.0896,95
2012-02-05,1,1,2,8,0,0,0,2,0.24,0.2424,0.75,0.1642,62
2012-02-05,1,1,2,18,0,0,0,1,0.3,0.2879,0.52,0.2537,181
2012-02-06,1,1,2,5,0,1,1,1,0.18,0.2121,0.8,0.1045,17
2012-02-06,1,1,2,15,0,1,1,1,0.42,0.4242,0.32,0.2836,171
2012-02-07,1,1,2,1,0,2,1,1,0.28,0.2879,0.61,0.1343,14
2012-02-07,1,1,2,11,0,2,1,1,0.36,0.3485,0.46,0.194,129
2012-02-07,1,1,2,21,0,2,1,1,0.34,0.3485,0.61,0.1045,190
2012-02-08,1,1,2,7,0,3,1,2,0.24,0.2576,0.7,0.1045,281
2012-02-08,1,1,2,17,0,3,1,3,0.24,0.2576,0.87,0.1045,155
2012-02-09,1,1,2,3,0,4,1,1,0.22,0.2121,0.8,0.2836,4
2012-02-09,1,1,2,13,0,4,1,1,0.3,0.2727,0.42,0.3284,154
2012-02-09,1,1,2,23,0,4,1,2,0.3,0.3333,0.52,0.0,84
2012-02-10,1,1,2,9,0,5,1,1,0.22,0.2273,0.55,0.1642,275
2012-02-10,1,1,2,19,0,5,1,2,0.32,0.3485,0.57,0.0,262
2012-02-11,1,1,2,5,0,6,0,3,0.22,0.2273,0.93,0.1642,2
2012-02-11,1,1,2,15,0,6,0,2,0.3,0.2727,0.61,0.2985,124
2012-02-12,1,1,2,1,0,0,0,3,0.08,0.0455,0.79,0.4627,24
2012-02-12,1,1,2,11,0,0,0,1,0.12,0.1061,0.42,0.2985,124
2012-02-12,1,1,2,21,0,0,0,1,0.14,0.1212,0.43,0.2985,36
2012-02-13,1,1,2,7,0,1,1,1,0.1,0.1061,0.54,0.194,195
2012-02-13,1,1,2,17,0,1,1,1,0.36,0.3485,0.23,0.194,407
2012-02-14,1,1,2,3,0,2,1,2,0.26,0.303,0.52,0.0,3
2012-02-14,1,1,2,13,0,2,1,2,0.36,0.3333,0.4,0.2537,173
2012-02-14,1,1,2,23,0,2,1,2,0.36,0.3636,0.5,0.0896,57
2012-02-15,1,1,2,9,0,3,1,1,0.32,0.303,0.61,0.3284,231
2012-02-15,1,1,2,19,0,3,1,1,0.38,0.3939,0.43,0.1642,311
2012-02-16,1,1,2,5,0,4,1,2,0.3,0.3333,0.7,0.0,20
2012-02-16,1,1,2,15,0,4,1,3,0.34,0.3636,0.76,0.0,53
2012-02-17,1,1,2,1,0,5,1,2,0.3,0.3333,0.93,0.0,18
2012-02-17,1,1,2,11,0,5,1,1,0.36,0.3333,0.62,0.4179,142
2012-02-17,1,1,2,21,0,5,1,1,0.38,0.3939,0.37,0.194,129
2012-02-18,1,1,2,7,0,6,0,1,0.24,0.2879,0.7,0.0,41
2012-02-18,1,1,2,17,0,6,0,1,0.48,0.4697,0.36,0.2836,364
2012-02-19,1,1,2,3,0,0,0,2,0.3,0.2879,0.36,0.2239,15
2012-02-19,1,1,2,13,0,0,0,1,0.3,0.303,0.49,0.1642,261
2012-02-19,1,1,2,23,0,0,0,2,0.22,0.2273,0.93,0.1642,35
2012-02-20,1,1,2,10,1,1,0,1,0.22,0.197,0.55,0.4478,143
2012-02-20,1,1,2,20,1,1,0,1,0.34,0.3333,0.34,0.194,126
2012-02-21,1,1,2,7,0,2,1,1,0.22,0.2727,0.64,0.0,279
2012-02-21,1,1,2,17,0,2,1,1,0.38,0.3939,0.4,0.4478,432
2012-02-22,1,1,2,3,0,3,1,2,0.34,0.3182,0.71,0.2239,4
2012-02-22,1,1,2,13,0,3,1,1,0.42,0.4242,0.54,0.2985,190
2012-02-22,1,1,2,23,0,3,1,2,0.46,0.4545,0.41,0.2836,62
2012-02-23,1,1,2,9,0,4,1,1,0.36,0.3333,0.81,0.2537,242
2012-02-23,1,1,2,19,0,4,1,1,0.5,0.4848,0.39,0.0896,369
2012-02-24,1,1,2,5,0,5,1,2,0.4,0.4091,0.87,0.194,26
2012-02-24,1,1,2,15,0,5,1,3,0.4,0.4091,0.87,0.194,94
2012-02-25,1,1,2,1,0,6,0,1,0.34,0.303,0.42,0.3582,46
2012-02-25,1,1,2,11,0,6,0,1,0.3,0.2576,0.39,0.6119,210
2012-02-25,1,1,2,21,0,6,0,1,0.24,0.2121,0.35,0.3284,85
2012-02-26,1,1,2,7,0,0,0,1,0.2,0.1818,0.51,0.2985,22
2012-02-26,1,1,2,17,0,0,0,1,0.36,0.3485,0.32,0.2239,287
2012-02-27,1,1,2,3,0,1,1,1,0.24,0.2424,0.75,0.1642,2
2012-02-27,1,1,2,13,0,1,1,1,0.4,0.4091,0.43,0.2836,182
2012-02-27,1,1,2,23,0,1,1,1,0.42,0.4242,0.5,0.1642,56
2012-02-28,1,1,2,9,0,2,1,1,0.28,0.2576,0.45,0.3582,232
2012-02-28,1,1,2,19,0,2,1,1,0.42,0.4242,0.26,0.0,306
2012-02-29,1,1,2,6,0,3,1,2,0.28,0.303,0.75,0.0896,104
2012-02-29,1,1,2,16,0,3,1,3,0.4,0.4091,0.82,0.2239,167
2012-03-01,1,1,3,2,0,4,1,2,0.46,0.4545,0.94,0.2836,6
2012-03-01,1,1,3,12,0,4,1,1,0.56,0.5303,0.37,0.2239,220
2012-03-01,1,1,3,22,0,4,1,1,0.38,0.3939,0.5,0.2537,126
2012-03-02,1,1,3,8,0,5,1,1,0.28,0.303,0.75,0.0896,549
2012-03-02,1,1,3,18,0,5,1,3,0.36,0.3485,0.87,0.194,160
2012-03-03,1,1,3,4,0,6,0,2,0.36,0.3485,0.93,0.194,2
2012-03-03,1,1,3,14,0,6,0,2,0.46,0.4545,0.44,0.3582,430
2012-03-04,1,1,3,0,0,0,0,2,0.4,0.4091,0.3,0.3582,72
2012-03-04,1,1,3,10,0,0,0,1,0.3,0.2727,0.49,0.3284,192
2012-03-04,1,1,3,20,0,0,0,1,0.28,0.2727,0.38,0.2537,88
2012-03-05,1,1,3,6,0,1,1,1,0.18,0.197,0.59,0.1343,91
2012-03-05,1,1,3,16,0,1,1,1,0.3,0.2727,0.45,0.2985,210
2012-03-06,1,1,3,2,0,2,1,1,0.2,0.197,0.44,0.2239,4
2012-03-06,1,1,3,12,0,2,1,1,0.26,0.2727,0.41,0.1045,138
2012-03-06,1,1,3,22,0,2,1,1,0.28,0.2727,0.56,0.1642,106
2012-03-07,1,1,3,8,0,3,1,1,0.28,0.2576,0.61,0.2985,566
2012-03-07,1,1,3,18,0,3,1,1,0.56,0.5303,0.4,0.4627,544
2012-03-08,1,1,3,4,0,4,1,1,0.44,0.4394,0.72,0.2836,2
2012-03-08,1,1,3,14,0,4,1,2,0.62,0.6212,0.43,0.6418,203
2012-03-09,1,1,3,0,0,5,1,2,0.58,0.5455,0.49,0.4627,54
2012-03-09,1,1,3,10,0,5,1,2,0.34,0.2879,0.36,0.4925,159
2012-03-09,1,1,3,20,0,5,1,1,0.38,0.3939,0.32,0.3582,159
2012-03-10,1,1,3,6,0,6,0,1,0.22,0.2121,0.44,0.2836,12
2012-03-10,1,1,3,16,0,6,0,1,0.36,0.3636,0.23,0.0,390
2012-03-11,1,1,3,3,0,0,0,1,0.24,0.2424,0.6,0.1343,66
2012-03-11,1,1,3,13,0,0,0,1,0.42,0.4242,0.41,0.2985,464
2012-03-11,1,1,3,23,0,0,0,1,0.4,0.4091,0.5,0.1642,52
2012-03-12,1,1,3,9,0,1,1,1,0.38,0.3939,0.54,0.1642,281
2012-03-12,1,1,3,19,0,1,1,2,0.56,0.5303,0.49,0.2239,446
2012-03-13,1,1,3,5,0,2,1,2,0.46,0.4545,0.82,0.194,24
2012-03-13,1,1,3,15,0,2,1,1,0.7,0.6364,0.39,0.2239,264
2012-03-14,1,1,3,1,0,3,1,1,0.52,0.5,0.63,0.0896,27
2012-03-14,1,1,3,11,0,3,1,2,0.62,0.6212,0.41,0.1642,220
2012-03-14,1,1,3,21,0,3,1,1,0.6,0.6212,0.4,0.0896,288
2012-03-15,1,1,3,7,0,4,1,1,0.44,0.4394,0.72,0.0896,381
2012-03-15,1,1,3,17,0,4,1,1,0.7,0.6364,0.39,0.2537,713
2012-03-16,1,1,3,3,0,5,1,2,0.4,0.4091,0.87,0.2836,3
2012-03-16,1,1,3,13,0,5,1,2,0.46,0.4545,0.77,0.0896,260
2012-03-16,1,1,3,23,0,5,1,2,0.44,0.4394,0.94,0.0,126
2012-03-17,1,1,3,9,0,6,0,2,0.44,0.4394,0.88,0.0896,321
2012-03-17,1,1,3,19,0,6,0,1,0.58,0.5455,0.64,0.2836,417
2012-03-18,1,1,3,5,0,0,0,2,0.4,0.4091,0.94,0.1045,6
2012-03-18,1,1,3,15,0,0,0,1,0.54,0.5152,0.68,0.0896,554
2012-03-19,1,1,3,1,0,1,1,1,0.46,0.4545,0.88,0.1045,15
2012-03-19,1,1,3,11,0,1,1,1,0.56,0.5303,0.68,0.1642,201
2012-03-19,1,1,3,21,0,1,1,1,0.6,0.6061,0.64,0.1642,223
2012-03-20,1,1,3,7,0,2,1,3,0.52,0.5,0.94,0.2239,170
2012-03-20,1,1,3,17,0,2,1,1,0.6,0.5909,0.73,0.194,750
2012-03-21,2,1,3,3,0,3,1,2,0.5,0.4848,0.88,0.194,8
2012-03-21,2,1,3,13,0,3,1,2,0.54,0.5152,0.83,0.0,303
2012-03-21,2,1,3,23,0,3,1,1,0.54,0.5152,0.77,0.0,125
2012-03-22,2,1,3,9,0,4,1,2,0.5,0.4848,0.94,0.0896,318
2012-03-22,2,1,3,19,0,4,1,1,0.66,0.6212,0.61,0.0,586
2012-03-23,2,1,3,5,0,5,1,2,0.5,0.4848,0.94,0.0,34
2012-03-23,2,1,3,15,0,5,1,2,0.72,0.6515,0.42,0.1343,472
2012-03-24,2,1,3,1,0,6,0,1,0.56,0.5303,0.73,0.0896,128
2012-03-24,2,1,3,11,0,6,0,2,0.5,0.4848,0.94,0.194,273
2012-03-24,2,1,3,21,0,6,0,3,0.44,0.4394,1.0,0.194,104
2012-03-25,2,1,3,7,0,0,0,2,0.4,0.4091,0.94,0.3284,39
2012-03-25,2,1,3,17,0,0,0,1,0.5,0.4848,0.72,0.0896,419
2012-03-26,2,1,3,3,0,1,1,1,0.46,0.4545,0.82,0.194,1
2012-03-26,2,1,3,13,0,1,1,1,0.48,0.4697,0.29,0.6866,301
2012-03-26,2,1,3,23,0,1,1,1,0.34,0.2879,0.25,0.5224,48
2012-03-27,2,1,3,9,0,2,1,1,0.24,0.2273,0.38,0.194,267
2012-03-27,2,1,3,19,0,2,1,1,0.42,0.4242,0.17,0.0,417
2012-03-28,2,1,3,5,0,3,1,1,0.36,0.3333,0.43,0.2985,40
2012-03-28,2,1,3,15,0,3,1,2,0.62,0.6212,0.41,0.2985,199
2012-03-29,2,1,3,1,0,4,1,1,0.56,0.5303,0.6,0.1343,33
2012-03-29,2,1,3,11,0,4,1,1,0.5,0.4848,0.45,0.4179,220
2012-03-29,2,1,3,21,0,4,1,1,0.44,0.4394,0.44,0.2836,224
2012-03-30,2,1,3,7,0,5,1,1,0.32,0.3182,0.57,0.1642,289
2012-03-30,2,1,3,17,0,5,1,2,0.4,0.4091,0.62,0.2239,606
2012-03-31,2,1,3,3,0,6,0,1,0.4,0.4091,0.82,0.2537,31
2012-03-31,2,1,3,13,0,6,0,1,0.54,0.5152,0.6,0.1343,638
2012-03-31,2,1,3,23,0,6,0,2,0.36,0.3333,0.76,0.2836,112
2012-04-01,2,1,4,9,0,0,0,2,0.36,0.3485,0.81,0.1343,275
2012-04-01,2,1,4,19,0,0,0,1,0.52,0.5,0.55,0.2239,346
2012-04-02,2,1,4,6,0,1,1,1,0.36,0.3182,0.71,0.4627,110
2012-04-02,2,1,4,16,0,1,1,1,0.5,0.4848,0.34,0.3284,395
2012-04-03,2,1,4,2,0,2,1,1,0.36,0.3485,0.53,0.1642,5
2012-04-03,2,1,4,12,0,2,1,1,0.52,0.5,0.25,0.0,331
2012-04-03,2,1,4,22,0,2,1,1,0.5,0.4848,0.51,0.0,158
2012-04-04,2,1,4,8,0,3,1,2,0.44,0.4394,0.72,0.1045,684
2012-04-04,2,1,4,18,0,3,1,1,0.66,0.6212,0.41,0.2537,759
2012-04-05,2,1,4,4,0,4,1,1,0.38,0.3939,0.43,0.2836,1
2012-04-05,2,1,4,14,0,4,1,1,0.46,0.4545,0.33,0.1642,287
2012-04-06,2,1,4,0,0,5,1,1,0.4,0.4091,0.43,0.0,61
2012-04-06,2,1,4,10,0,5,1,1,0.36,0.3333,0.4,0.3284,238
2012-04-06,2,1,4,20,0,5,1,1,0.46,0.4545,0.24,0.2836,252
2012-04-07,2,1,4,6,0,6,0,1,0.32,0.3182,0.36,0.194,19
2012-04-07,2,1,4,16,0,6,0,1,0.54,0.5152,0.19,0.3881,615
2012-04-08,2,1,4,2,0,0,0,1,0.44,0.4394,0.24,0.2239,32
2012-04-08,2,1,4,12,0,0,0,1,0.54,0.5152,0.24,0.2537,457
2012-04-08,2,1,4,22,0,0,0,1,0.5,0.4848,0.36,0.2239,118
2012-04-09,2,1,4,8,0,1,1,1,0.44,0.4394,0.3,0.194,617
2012-04-09,2,1,4,18,0,1,1,1,0.54,0.5152,0.34,0.2985,646
2012-04-10,2,1,4,4,0,2,1,1,0.34,0.3333,0.71,0.1343,2
2012-04-10,2,1,4,14,0,2,1,1,0.54,0.5152,0.24,0.194,224
2012-04-11,2,1,4,0,0,3,1,1,0.34,0.303,0.36,0.4179,30
2012-04-11,2,1,4,11,0,3,1,2,0.38,0.3939,0.43,0.3284,180
2012-04-11,2,1,4,21,0,3,1,1,0.34,0.303,0.57,0.3881,165
2012-04-12,2,1,4,7,0,4,1,1,0.3,0.2727,0.65,0.3284,306
2012-04-12,2,1,4,17,0,4,1,1,0.5,0.4848,0.27,0.3881,656
2012-04-13,2,1,4,3,0,5,1,1,0.34,0.3333,0.61,0.1642,11
2012-04-13,2,1,4,13,0,5,1,1,0.52,0.5,0.27,0.2836,358
2012-04-13,2,1,4,23,0,5,1,1,0.42,0.4242,0.62,0.0896,198
2012-04-14,2,1,4,9,0,6,0,1,0.42,0.4242,0.54,0.1343,265
2012-04-14,2,1,4,19,0,6,0,2,0.6,0.6212,0.4,0.1642,459
2012-04-15,2,1,4,5,0,0,0,1,0.5,0.4848,0.68,0.1642,10
2012-04-15,2,1,4,15,0,0,0,1,0.7,0.6364,0.39,0.3881,617
2012-04-16,2,1,4,1,1,1,0,1,0.62,0.6061,0.61,0.3582,28
2012-04-16,2,1,4,11,1,1,0,1,0.64,0.6061,0.65,0.2537,251
2012-04-16,2,1,4,21,1,1,0,1,0.68,0.6364,0.51,0.2537,271
2012-04-17,2,1,4,7,0,2,1,1,0.6,0.6212,0.43,0.2537,461
2012-04-17,2,1,4,17,0,2,1,1,0.64,0.6061,0.25,0.2985,781
2012-04-18,2,1,4,3,0,3,1,2,0.5,0.4848,0.42,0.2239,6
2012-04-18,2,1,4,13,0,3,1,3,0.46,0.4545,0.59,0.0,64
2012-04-18,2,1,4,23,0,3,1,2,0.42,0.4242,0.77,0.0,70
2012-04-19,2,1,4,9,0,4,1,2,0.46,0.4545,0.72,0.0,301
2012-04-19,2,1,4,19,0,4,1,1,0.58,0.5455,0.46,0.1343,586
2012-04-20,2,1,4,5,0,5,1,1,0.42,0.4242,0.94,0.0,25
2012-04-20,2,1,4,15,0,5,1,1,0.64,0.6212,0.47,0.194,407
2012-04-21,2,1,4,1,0,6,0,1,0.52,0.5,0.77,0.2239,88
2012-04-21,2,1,4,11,0,6,0,1,0.62,0.6061,0.61,0.3284,608
2012-04-21,2,1,4,21,0,6,0,3,0.5,0.4848,0.82,0.3881,102
2012-04-22,2,1,4,7,0,0,0,3,0.42,0.4242,0.77,0.3881,24
2012-04-22,2,1,4,17,0,0,0,3,0.36,0.3182,0.93,0.4478,27
2012-04-23,2,1,4,3,0,1,1,2,0.32,0.303,0.81,0.2836,1
2012-04-23,2,1,4,13,0,1,1,3,0.34,0.303,0.66,0.3881,107
2012-04-23,2,1,4,23,0,1,1,1,0.32,0.3182,0.76,0.1642,59
2012-04-24,2,1,4,9,0,2,1,1,0.4,0.4091,0.47,0.3582,308
2012-04-24,2,1,4,19,0,2,1,1,0.5,0.4848,0.18,0.2537,482
2012-04-25,2,1,4,5,0,3,1,1,0.34,0.3636,0.66,0.0,24
2012-04-25,2,1,4,15,0,3,1,1,0.58,0.5455,0.19,0.1642,229
2012-04-26,2,1,4,1,0,4,1,2,0.48,0.4697,0.48,0.0896,23
2012-04-26,2,1,4,11,0,4,1,2,0.46,0.4545,0.94,0.2239,151
2012-04-26,2,1,4,21,0,4,1,1,0.52,0.5,0.83,0.2239,250
2012-04-27,2,1,4,7,0,5,1,1,0.38,0.3939,0.5,0.2836,315
2012-04-27,2,1,4,17,0,5,1,1,0.54,0.5152,0.24,0.3881,702
2012-04-28,2,1,4,3,0,6,0,1,0.34,0.3182,0.49,0.2239,26
2012-04-28,2,1,4,13,0,6,0,2,0.4,0.4091,0.37,0.0,389
2012-04-28,2,1,4,23,0,6,0,2,0.38,0.3939,0.76,0.0896,42
2012-04-29,2,1,4,9,0,0,0,1,0.4,0.4091,0.71,0.1343,185
2012-04-29,2,1,4,19,0,0,0,1,0.56,0.5303,0.35,0.1343,375
2012-04-30,2,1,4,5,0,1,1,1,0.38,0.3939,0.62,0.2537,20
2012-04-30,2,1,4,15,0,1,1,2,0.52,0.5,0.55,0.1045,231
2012-05-01,2,1,5,1,0,2,1,2,0.5,0.4848,0.63,0.1343,21
2012-05-01,2,1,5,11,0,2,1,2,0.66,0.6212,0.65,0.2836,229
2012-05-01,2,1,5,21,0,2,1,1,0.64,0.6061,0.65,0.1343,282
2012-05-02,2,1,5,7,0,3,1,2,0.54,0.5152,0.88,0.194,358
2012-05-02,2,1,5,17,0,3,1,1,0.6,0.5909,0.73,0.2537,729
2012-05-03,2,1,5,3,0,4,1,2,0.46,0.4545,0.88,0.0,6
2012-05-03,2,1,5,13,0,4,1,1,0.6,0.5909,0.69,0.194,265
2012-05-03,2,1,5,23,0,4,1,1,0.6,0.5606,0.83,0.0,121
2012-05-04,2,1,5,9,0,5,1,1,0.6,0.5758,0.78,0.0,294
2012-05-04,2,1,5,19,0,5,1,1,0.7,0.6515,0.51,0.1343,452
2012-05-05,2,1,5,5,0,6,0,1,0.56,0.5303,0.88,0.0896,22
2012-05-05,2,1,5,15,0,6,0,3,0.66,0.6212,0.74,0.194,541
2012-05-06,2,1,5,1,0,0,0,2,0.54,0.5152,0.83,0.2239,121
2012-05-06,2,1,5,11,0,0,0,1,0.56,0.5303,0.73,0.1045,414
2012-05-06,2,1,5,21,0,0,0,1,0.56,0.5303,0.73,0.194,203
2012-05-07,2,1,5,7,0,1,1,2,0.48,0.4697,0.82,0.1045,385
2012-05-07,2,1,5,17,0,1,1,2,0.6,0.6212,0.53,0.3284,769
2012-05-08,2,1,5,3,0,2,1,2,0.52,0.5,0.68,0.2836,6
2012-05-08,2,1,5,13,0,2,1,3,0.64,0.6061,0.65,0.2537,219
2012-05-08,2,1,5,23,0,2,1,3,0.6,0.5758,0.78,0.3284,63
2012-05-09,2,1,5,9,0,3,1,2,0.6,0.5606,0.83,0.0,325
2012-05-09,2,1,5,19,0,3,1,3,0.5,0.4848,0.77,0.3582,98
2012-05-10,2,1,5,5,0,4,1,1,0.46,0.4545,0.72,0.2985,24
2012-05-10,2,1,5,15,0,4,1,1,0.54,0.5152,0.37,0.3881,271
2012-05-11,2,1,5,1,0,5,1,1,0.46,0.4545,0.51,0.1343,46
2012-05-11,2,1,5,11,0,5,1,1,0.56,0.5303,0.35,0.2537,291
2012-05-11,2,1,5,21,0,5,1,1,0.6,0.6061,0.28,0.1045,270
2012-05-12,2,1,5,7,0,6,0,1,0.42,0.4242,0.71,0.1343,67
2012-05-12,2,1,5,17,0,6,0,2,0.66,0.6212,0.36,0.194,576
2012-05-13,2,1,5,3,0,0,0,2,0.54,0.5152,0.64,0.1343,28
2012-05-13,2,1,5,13,0,0,0,1,0.68,0.6364,0.54,0.2537,602
2012-05-13,2,1,5,23,0,0,0,2,0.62,0.6212,0.57,0.2239,74
2012-05-14,2,1,5,9,0,1,1,3,0.54,0.5152,0.88,0.2836,110
2012-05-14,2,1,5,19,0,1,1,3,0.58,0.5455,0.88,0.1343,304
2012-05-15,2,1,5,5,0,2,1,3,0.56,0.5303,0.94,0.2239,8
2012-05-15,2,1,5,15,0,2,1,2,0.7,0.6515,0.61,0.0896,256
2012-05-16,2,1,5,1,0,3,1,2,0.58,0.5455,0.88,0.1343,21
2012-05-16,2,1,5,11,0,3,1,1,0.7,0.6515,0.54,0.1343,267
2012-05-16,2,1,5,21,0,3,1,1,0.64,0.6061,0.73,0.194,393
2012-05-17,2,1,5,7,0,4,1,1,0.54,0.5152,0.73,0.3881,474
2012-05-17,2,1,5,17,0,4,1,1,0.66,0.6212,0.31,0.1343,852
2012-05-18,2,1,5,3,0,5,1,1,0.46,0.4545,0.72,0.0896,14
2012-05-18,2,1,5,13,0,5,1,1,0.64,0.6212,0.36,0.1642,395
2012-05-18,2,1,5,23,0,5,1,1,0.52,0.5,0.55,0.0,174
2012-05-19,2,1,5,9,0,6,0,1,0.56,0.5303,0.43,0.1642,292
2012-05-19,2,1,5,19,0,6,0,1,0.7,0.6364,0.39,0.1343,432
2012-05-20,2,1,5,5,0,0,0,1,0.5,0.4848,0.72,0.1045,8
2012-05-20,2,1,5,15,0,0,0,2,0.7,0.6364,0.39,0.4179,502
2012-05-21,2,1,5,1,0,1,1,3,0.58,0.5455,0.88,0.3582,15
2012-05-21,2,1,5,11,0,1,1,2,0.6,0.5606,0.83,0.1642,106
2012-05-21,2,1,5,21,0,1,1,1,0.62,0.6061,0.69,0.0896,241
2012-05-22,2,1,5,7,0,2,1,3,0.56,0.5303,0.88,0.1045,324
2012-05-22,2,1,5,17,0,2,1,1,0.72,0.6667,0.54,0.0,785
2012-05-23,2,1,5,3,0,3,1,1,0.6,0.5758,0.78,0.1045,5
2012-05-23,2,1,5,13,0,3,1,2,0.66,0.6212,0.74,0.1642,270
2012-05-23,2,1,5,23,0,3,1,1,0.6,0.5606,0.83,0.1343,106
2012-05-24,2,1,5,9,0,4,1,1,0.62,0.5909,0.73,0.1642,301
2012-05-24,2,1,5,19,0,4,1,1,0.7,0.6515,0.61,0.2985,492
2012-05-25,2,1,5,5,0,5,1,2,0.62,0.5606,0.88,0.0896,30
2012-05-25,2,1,5,15,0,5,1,1,0.76,0.7121,0.62,0.194,466
2012-05-26,2,1,5,1,0,6,0,1,0.64,0.5758,0.83,0.1343,82
2012-05-26,2,1,5,11,0,6,0,1,0.7,0.6667,0.74,0.194,520
2012-05-26,2,1,5,21,0,6,0,2,0.72,0.6818,0.62,0.194,251
2012-05-27,2,1,5,7,0,0,0,1,0.62,0.5606,0.88,0.1642,52
2012-05-27,2,1,5,17,0,0,0,1,0.78,0.7121,0.49,0.2985,522
2012-05-28,2,1,5,3,1,1,0,1,0.62,0.5909,0.73,0.1642,18
2012-05-28,2,1,5,13,1,1,0,1,0.8,0.7879,0.63,0.2836,556
2012-05-28,2,1,5,23,1,1,0,1,0.72,0.697,0.74,0.1642,82
2012-05-29,2,1,5,9,0,2,1,1,0.72,0.6818,0.7,0.2537,257
2012-05-29,2,1,5,19,0,2,1,1,0.78,0.7121,0.52,0.3582,526
2012-05-30,2,1,5,5,0,3,1,2,0.62,0.5909,0.78,0.1343,41
2012-05-30,2,1,5,15,0,3,1,1,0.72,0.6667,0.51,0.1343,275
2012-05-31,2,1,5,1,0,4,1,1,0.64,0.6061,0.69,0.0896,26
2012-05-31,2,1,5,11,0,4,1,1,0.72,0.6515,0.37,0.2836,218
2012-05-31,2,1,5,21,0,4,1,1,0.68,0.6364,0.44,0.1642,359
2012-06-01,2,1,6,7,0,5,1,2,0.64,0.5758,0.89,0.194,402
2012-06-01,2,1,6,17,0,5,1,3,0.7,0.6515,0.7,0.2537,227
2012-06-02,2,1,6,3,0,6,0,1,0.56,0.5303,0.73,0.2537,26
2012-06-02,2,1,6,13,0,6,0,1,0.62,0.6212,0.41,0.2537,679
2012-06-02,2,1,6,23,0,6,0,1,0.56,0.5303,0.52,0.1045,238
2012-06-03,2,1,6,9,0,0,0,1,0.6,0.6212,0.46,0.194,300
2012-06-03,2,1,6,19,0,0,0,1,0.68,0.6364,0.34,0.2836,453
2012-06-04,2,1,6,5,0,1,1,1,0.52,0.5,0.68,0.0,35
2012-06-04,2,1,6,15,0,1,1,1,0.66,0.6212,0.39,0.2985,292
2012-06-05,2,1,6,1,0,2,1,2,0.52,0.5,0.77,0.3284,20
2012-06-05,2,1,6,11,0,2,1,2,0.56,0.5303,0.56,0.194,227
2012-06-05,2,1,6,21,0,2,1,1,0.54,0.5152,0.56,0.1642,283
2012-06-06,2,1,6,7,0,3,1,1,0.5,0.4848,0.72,0.0,547
2012-06-06,2,1,6,17,0,3,1,1,0.62,0.6212,0.43,0.1343,724
2012-06-07,2,1,6,3,0,4,1,1,0.5,0.4848,0.77,0.1045,5
2012-06-07,2,1,6,13,0,4,1,1,0.7,0.6364,0.37,0.2836,315
2012-06-07,2,1,6,23,0,4,1,1,0.56,0.5303,0.52,0.1343,177
2012-06-08,2,1,6,9,0,5,1,1,0.62,0.6212,0.53,0.1642,382
2012-06-08,2,1,6,19,0,5,1,1,0.74,0.6515,0.3,0.2239,555
2012-06-09,2,1,6,5,0,6,0,1,0.6,0.6212,0.56,0.1045,19
2012-06-09,2,1,6,15,0,6,0,1,0.84,0.7121,0.2,0.2985,555
2012-06-10,2,1,6,1,0,0,0,1,0.64,0.6061,0.73,0.1343,116
2012-06-10,2,1,6,11,0,0,0,1,0.76,0.6818,0.45,0.0896,499
2012-06-10,2,1,6,21,0,0,0,1,0.72,0.6818,0.62,0.1642,253
2012-06-11,2,1,6,7,0,1,1,1,0.64,0.5909,0.78,0.1045,503
2012-06-11,2,1,6,17,0,1,1,2,0.8,0.7121,0.41,0.3582,800
2012-06-12,2,1,6,3,0,2,1,2,0.66,0.6212,0.69,0.2537,12
2012-06-12,2,1,6,13,0,2,1,3,0.66,0.6061,0.83,0.194,59
2012-06-12,2,1,6,23,0,2,1,3,0.66,0.5909,0.94,0.2239,89
2012-06-13,2,1,6,9,0,3,1,2,0.64,0.6061,0.69,0.5821,352
2012-06-13,2,1,6,19,0,3,1,1,0.7,0.6364,0.34,0.3881,671
2012-06-14,2,1,6,5,0,4,1,2,0.6,0.6212,0.56,0.2537,40
2012-06-14,2,1,6,15,0,4,1,1,0.74,0.6667,0.48,0.2985,324
2012-06-15,2,1,6,1,0,5,1,1,0.58,0.5455,0.78,0.194,51
2012-06-15,2,1,6,11,0,5,1,1,0.66,0.6212,0.5,0.194,286
2012-06-15,2,1,6,21,0,5,1,1,0.66,0.6212,0.5,0.1045,333
2012-06-16,2,1,6,7,0,6,0,1,0.54,0.5152,0.68,0.194,78
2012-06-16,2,1,6,17,0,6,0,2,0.72,0.6515,0.37,0.2537,593
2012-06-17,2,1,6,3,0,0,0,1,0.54,0.5152,0.64,0.1045,28
2012-06-17,2,1,6,13,0,0,0,1,0.64,0.6212,0.53,0.1642,614
2012-06-17,2,1,6,23,0,0,0,1,0.58,0.5455,0.64,0.194,108
2012-06-18,2,1,6,9,0,1,1,2,0.54,0.5152,0.83,0.2239,250
2012-06-18,2,1,6,19,0,1,1,2,0.62,0.5909,0.73,0.0896,463
2012-06-19,2,1,6,5,0,2,1,2,0.6,0.5758,0.78,0.194,37
2012-06-19,2,1,6,15,0,2,1,1,0.78,0.7424,0.59,0.1642,259
2012-06-20,2,1,6,1,0,3,1,1,0.68,0.6364,0.79,0.194,27
2012-06-20,2,1,6,11,0,3,1,1,0.84,0.7879,0.49,0.194,188
2012-06-20,2,1,6,21,0,3,1,1,0.84,0.7576,0.44,0.0896,344
2012-06-21,3,1,6,7,0,4,1,2,0.7,0.6667,0.84,0.0896,463
2012-06-21,3,1,6,17,0,4,1,1,0.88,0.7879,0.37,0.0,615
2012-06-22,3,1,6,3,0,5,1,1,0.74,0.7121,0.79,0.0,7
2012-06-22,3,1,6,13,0,5,1,1,0.88,0.803,0.39,0.2239,300
2012-06-22,3,1,6,23,0,5,1,2,0.66,0.6212,0.74,0.0,174
2012-06-23,3,1,6,9,0,6,0,1,0.72,0.6818,0.62,0.194,332
2012-06-23,3,1,6,19,0,6,0,1,0.8,0.697,0.27,0.194,425
2012-06-24,3,1,6,5,0,0,0,1,0.62,0.6061,0.69,0.1343,8
2012-06-24,3,1,6,15,0,0,0,1,0.86,0.7424,0.28,0.2239,487
2012-06-25,3,1,6,1,0,1,1,1,0.7,0.6515,0.65,0.2239,31
2012-06-25,3,1,6,11,0,1,1,1,0.8,0.7273,0.43,0.3284,181
2012-06-25,3,1,6,21,0,1,1,1,0.68,0.6212,0.3,0.3284,331
2012-06-26,3,1,6,7,0,2,1,1,0.52,0.5,0.52,0.3582,552
2012-06-26,3,1,6,17,0,2,1,1,0.72,0.6515,0.28,0.4179,900
2012-06-27,3,1,6,3,0,3,1,1,0.58,0.5455,0.46,0.0896,8
2012-06-27,3,1,6,13,0,3,1,1,0.8,0.697,0.27,0.3284,321
2012-06-27,3,1,6,23,0,3,1,1,0.68,0.6364,0.47,0.1343,159
2012-06-28,3,1,6,9,0,4,1,1,0.7,0.6515,0.54,0.1642,351
2012-06-28,3,1,6,19,0,4,1,1,0.84,0.7273,0.3,0.2985,571
2012-06-29,3,1,6,5,0,5,1,1,0.7,0.6515,0.61,0.1045,45
2012-06-29,3,1,6,15,0,5,1,1,0.96,0.9091,0.36,0.0,230
2012-06-30,3,1,6,1,0,6,0,3,0.64,0.5758,0.89,0.2239,58
2012-06-30,3,1,6,11,0,6,0,1,0.88,0.7727,0.3,0.2537,452
2012-06-30,3,1,6,21,0,6,0,1,0.82,0.7727,0.52,0.1642,213
2012-07-01,3,1,7,7,0,0,0,1,0.74,0.697,0.7,0.0,50
2012-07-01,3,1,7,17,0,0,0,1,0.92,0.803,0.26,0.2985,413
2012-07-02,3,1,7,3,0,1,1,2,0.72,0.6667,0.54,0.4179,5
2012-07-02,3,1,7,13,0,1,1,1,0.86,0.7576,0.34,0.2239,236
2012-07-02,3,1,7,23,0,1,1,1,0.74,0.6667,0.51,0.1045,102
2012-07-03,3,1,7,9,0,2,1,1,0.8,0.7424,0.49,0.1642,272
2012-07-03,3,1,7,19,0,2,1,2,0.84,0.7424,0.36,0.1343,497
2012-07-04,3,1,7,5,1,3,0,1,0.66,0.6212,0.69,0.0,19
2012-07-04,3,1,7,15,1,3,0,1,0.92,0.8485,0.35,0.2985,454
2012-07-05,3,1,7,1,0,4,1,1,0.74,0.6667,0.51,0.2836,30
2012-07-05,3,1,7,11,0,4,1,1,0.9,0.8182,0.35,0.2985,244
2012-07-05,3,1,7,21,0,4,1,1,0.84,0.7727,0.47,0.194,323
2012-07-06,3,1,7,7,0,5,1,1,0.78,0.697,0.46,0.1343,353
2012-07-06,3,1,7,17,0,5,1,1,0.92,0.8182,0.29,0.0,576
2012-07-07,3,1,7,3,0,6,0,1,0.74,0.7121,0.74,0.1343,31
2012-07-07,3,1,7,13,0,6,0,2,0.96,0.8636,0.31,0.2537,360
2012-07-07,3,1,7,23,0,6,0,1,0.84,0.8182,0.56,0.1642,148
2012-07-08,3,1,7,9,0,0,0,1,0.86,0.8182,0.5,0.1045,242
2012-07-08,3,1,7,19,0,0,0,1,0.78,0.7424,0.62,0.1642,250
2012-07-09,3,1,7,5,0,1,1,2,0.66,0.6061,0.83,0.2239,28
2012-07-09,3,1,7,15,0,1,1,2,0.76,0.6818,0.45,0.2239,280
2012-07-10,3,1,7,1,0,2,1,1,0.7,0.6667,0.74,0.1343,15
2012-07-10,3,1,7,11,0,2,1,1,0.8,0.7273,0.46,0.194,249
2012-07-10,3,1,7,21,0,2,1,3,0.64,0.5758,0.89,0.1045,90
2012-07-11,3,1,7,7,0,3,1,2,0.66,0.6061,0.83,0.1045,497
2012-07-11,3,1,7,17,0,3,1,1,0.8,0.697,0.31,0.2239,830
2012-07-12,3,1,7,3,0,4,1,1,0.64,0.6061,0.69,0.1045,10
2012-07-12,3,1,7,13,0,4,1,1,0.8,0.697,0.33,0.2239,277
2012-07-12,3,1,7,23,0,4,1,2,0.7,0.6515,0.51,0.2239,211
2012-07-13,3,1,7,9,0,5,1,2,0.72,0.6667,0.51,0.0,414
2012-07-13,3,1,7,19,0,5,1,1,0.74,0.6667,0.51,0.1642,488
2012-07-14,3,1,7,5,0,6,0,2,0.64,0.6061,0.73,0.1045,5
2012-07-14,3,1,7,15,0,6,0,1,0.8,0.7576,0.55,0.1642,560
2012-07-15,3,1,7,1,0,0,0,2,0.68,0.6364,0.89,0.1343,168
2012-07-15,3,1,7,11,0,0,0,1,0.82,0.7727,0.52,0.1642,451
2012-07-15,3,1,7,21,0,0,0,1,0.72,0.697,0.79,0.0896,223
2012-07-16,3,1,7,7,0,1,1,1,0.72,0.6818,0.7,0.0896,483
2012-07-16,3,1,7,17,0,1,1,3,0.76,0.7273,0.66,0.5821,755
2012-07-17,3,1,7,3,0,2,1,1,0.72,0.6818,0.66,0.0,3
2012-07-17,3,1,7,13,0,2,1,1,0.92,0.8182,0.31,0.194,221
2012-07-17,3,1,7,23,0,2,1,1,0.78,0.7424,0.59,0.194,161
2012-07-18,3,1,7,9,0,3,1,1,0.82,0.7879,0.56,0.0,297
2012-07-18,3,1,7,19,0,3,1,2,0.76,0.7121,0.62,0.1045,516
2012-07-19,3,1,7,5,0,4,1,2,0.72,0.6818,0.7,0.1045,40
2012-07-19,3,1,7,15,0,4,1,1,0.84,0.7727,0.47,0.0896,292
2012-07-20,3,1,7,1,0,5,1,1,0.66,0.5909,0.89,0.1343,11
2012-07-20,3,1,7,11,0,5,1,3,0.72,0.697,0.74,0.194,212
2012-07-20,3,1,7,21,0,5,1,3,0.62,0.5758,0.83,0.3284,122
2012-07-21,3,1,7,7,0,6,0,2,0.58,0.5455,0.88,0.2537,37
2012-07-21,3,1,7,17,0,6,0,3,0.6,0.5455,0.88,0.1642,241
2012-07-22,3,1,7,3,0,0,0,2,0.6,0.5455,0.88,0.1045,43
2012-07-22,3,1,7,13,0,0,0,2,0.7,0.6515,0.65,0.0896,626
2012-07-22,3,1,7,23,0,0,0,1,0.68,0.6364,0.79,0.1642,123
2012-07-23,3,1,7,9,0,1,1,2,0.74,0.7121,0.74,0.1343,345
2012-07-23,3,1,7,19,0,1,1,1,0.8,0.7424,0.52,0.2537,582
2012-07-24,3,1,7,5,0,2,1,1,0.66,0.6061,0.83,0.1045,50
2012-07-24,3,1,7,15,0,2,1,1,0.82,0.7727,0.49,0.2985,285
2012-07-25,3,1,7,1,0,3,1,1,0.7,0.6515,0.58,0.194,28
2012-07-25,3,1,7,11,0,3,1,1,0.76,0.6667,0.33,0.0,281
2012-07-25,3,1,7,21,0,3,1,1,0.72,0.6515,0.45,0.1343,397
2012-07-26,3,1,7,7,0,4,1,1,0.7,0.6667,0.74,0.2537,495
2012-07-26,3,1,7,17,0,4,1,1,0.9,0.8636,0.45,0.4179,738
2012-07-27,3,1,7,3,0,5,1,1,0.7,0.6667,0.74,0.1642,12
2012-07-27,3,1,7,13,0,5,1,1,0.84,0.7727,0.47,0.2836,314
2012-07-27,3,1,7,23,0,5,1,1,0.76,0.7273,0.66,0.0,189
2012-07-28,3,1,7,9,0,6,0,1,0.78,0.7424,0.59,0.1045,337
2012-07-28,3,1,7,19,0,6,0,1,0.68,0.6364,0.83,0.0,338
2012-07-29,3,1,7,5,0,0,0,1,0.62,0.5909,0.78,0.194,17
2012-07-29,3,1,7,15,0,0,0,1,0.8,0.7273,0.43,0.1343,501
2012-07-30,3,1,7,1,0,1,1,1,0.7,0.6667,0.74,0.0,19
2012-07-30,3,1,7,11,0,1,1,2,0.78,0.7273,0.55,0.1343,215
2012-07-30,3,1,7,21,0,1,1,1,0.72,0.6818,0.7,0.194,322
2012-07-31,3,1,7,7,0,2,1,1,0.68,0.6364,0.83,0.2239,513
2012-07-31,3,1,7,17,0,2,1,1,0.78,0.7121,0.52,0.2239,820
2012-08-01,3,1,8,3,0,3,1,1,0.64,0.5758,0.83,0.1045,7
2012-08-01,3,1,8,13,0,3,1,1,0.8,0.7424,0.52,0.1642,280
2012-08-01,3,1,8,23,0,3,1,1,0.7,0.6667,0.74,0.0,152
2012-08-02,3,1,8,9,0,4,1,1,0.76,0.7273,0.66,0.1045,343
2012-08-02,3,1,8,19,0,4,1,1,0.8,0.7879,0.63,0.1642,607
2012-08-03,3,1,8,5,0,5,1,1,0.66,0.6061,0.83,0.1642,37
2012-08-03,3,1,8,15,0,5,1,1,0.88,0.8182,0.42,0.2537,380
2012-08-04,3,1,8,1,0,6,0,1,0.72,0.7121,0.84,0.194,122
2012-08-04,3,1,8,11,0,6,0,1,0.86,0.803,0.47,0.2537,470
2012-08-04,3,1,8,21,0,6,0,1,0.8,0.7727,0.59,0.2537,289
2012-08-05,3,1,8,7,0,0,0,1,0.74,0.7121,0.74,0.2985,68
2012-08-05,3,1,8,17,0,0,0,1,0.82,0.7576,0.46,0.2537,382
2012-08-06,3,1,8,3,0,1,1,3,0.72,0.697,0.79,0.0896,5
2012-08-06,3,1,8,13,0,1,1,1,0.8,0.7424,0.49,0.2239,289
2012-08-06,3,1,8,23,0,1,1,1,0.72,0.697,0.74,0.194,113
2012-08-07,3,1,8,9,0,2,1,2,0.7,0.6667,0.74,0.1343,327
2012-08-07,3,1,8,19,0,2,1,2,0.76,0.7273,0.66,0.1045,610
2012-08-08,3,1,8,5,0,3,1,2,0.68,0.6364,0.89,0.1642,43
2012-08-08,3,1,8,15,0,3,1,2,0.84,0.7576,0.44,0.194,278
2012-08-09,3,1,8,1,0,4,1,1,0.7,0.6667,0.79,0.1343,28
2012-08-09,3,1,8,11,0,4,1,1,0.84,0.7576,0.44,0.0,260
2012-08-09,3,1,8,21,0,4,1,2,0.7,0.6515,0.58,0.1642,336
2012-08-10,3,1,8,7,0,5,1,3,0.64,0.5758,0.89,0.1045,133
2012-08-10,3,1,8,17,0,5,1,1,0.8,0.7424,0.52,0.2836,730
2012-08-11,3,1,8,3,0,6,0,3,0.62,0.5758,0.83,0.1642,21
2012-08-11,3,1,8,13,0,6,0,1,0.8,0.7424,0.49,0.3582,569
2012-08-11,3,1,8,23,0,6,0,3,0.66,0.6061,0.78,0.1642,163
2012-08-12,3,1,8,9,0,0,0,1,0.7,0.6515,0.48,0.2239,217
2012-08-12,3,1,8,19,0,0,0,1,0.74,0.6515,0.4,0.1343,465
2012-08-13,3,1,8,5,0,1,1,1,0.64,0.6061,0.69,0.1045,36
2012-08-13,3,1,8,15,0,1,1,1,0.82,0.7273,0.34,0.2239,274
2012-08-14,3,1,8,1,0,2,1,1,0.68,0.6364,0.79,0.2537,27
2012-08-14,3,1,8,11,0,2,1,1,0.74,0.6818,0.62,0.0,196
2012-08-14,3,1,8,21,0,2,1,1,0.74,0.6818,0.62,0.2239,308
2012-08-15,3,1,8,7,0,3,1,2,0.66,0.6212,0.69,0.194,492
2012-08-15,3,1,8,17,0,3,1,1,0.74,0.6818,0.55,0.2836,851
2012-08-16,3,1,8,3,0,4,1,1,0.62,0.5909,0.73,0.2537,4
2012-08-16,3,1,8,13,0,4,1,1,0.8,0.697,0.31,0.2239,300
2012-08-16,3,1,8,23,0,4,1,1,0.7,0.6515,0.54,0.1045,226
2012-08-17,3,1,8,9,0,5,1,1,0.7,0.2424,0.58,0.1045,378
2012-08-17,3,1,8,19,0,5,1,2,0.74,0.2424,0.55,0.3881,491
2012-08-18,3,1,8,5,0,6,0,1,0.6,0.5758,0.78,0.2537,9
2012-08-18,3,1,8,15,0,6,0,1,0.76,0.6667,0.37,0.2239,596
2012-08-19,3,1,8,1,0,0,0,1,0.64,0.6061,0.65,0.0,131
2012-08-19,3,1,8,11,0,0,0,3,0.64,0.5909,0.78,0.1642,272
2012-08-19,3,1,8,21,0,0,0,3,0.62,0.5909,0.78,0.0896,190
2012-08-20,3,1,8,7,0,1,1,2,0.62,0.5909,0.78,0.1343,442
2012-08-20,3,1,8,17,0,1,1,1,0.7,0.6515,0.58,0.2836,893
2012-08-21,3,1,8,3,0,2,1,1,0.56,0.5303,0.88,0.0,3
2012-08-21,3,1,8,13,0,2,1,1,0.74,0.6515,0.4,0.0,331
2012-08-21,3,1,8,23,0,2,1,1,0.62,0.5758,0.83,0.0,136
2012-08-22,3,1,8,9,0,3,1,1,0.68,0.6364,0.65,0.0,376
2012-08-22,3,1,8,19,0,3,1,2,0.66,0.6212,0.74,0.0,580
2012-08-23,3,1,8,5,0,4,1,1,0.62,0.5758,0.83,0.0,37
2012-08-23,3,1,8,15,0,4,1,1,0.78,0.697,0.46,0.1343,305
2012-08-24,3,1,8,1,0,5,1,2,0.64,0.6061,0.73,0.0,42
2012-08-24,3,1,8,11,0,5,1,2,0.76,0.6818,0.48,0.1045,281
2012-08-24,3,1,8,21,0,5,1,2,0.7,0.6515,0.61,0.1642,306
2012-08-25,3,1,8,7,0,6,0,2,0.64,0.5909,0.78,0.194,102
2012-08-25,3,1,8,17,0,6,0,2,0.66,0.6212,0.74,0.3284,403
2012-08-26,3,1,8,3,0,0,0,2,0.64,0.5758,0.89,0.2537,53
2012-08-26,3,1,8,13,0,0,0,3,0.66,0.6061,0.78,0.4179,541
2012-08-26,3,1,8,23,0,0,0,1,0.62,0.5758,0.83,0.0896,80
2012-08-27,3,1,8,9,0,1,1,1,0.66,0.6061,0.83,0.1045,342
2012-08-27,3,1,8,19,0,1,1,1,0.74,0.697,0.7,0.2239,573
2012-08-28,3,1,8,5,0,2,1,2,0.66,0.6061,0.83,0.0896,42
2012-08-28,3,1,8,15,0,2,1,1,0.82,0.7273,0.34,0.2985,317
2012-08-29,3,1,8,1,0,3,1,1,0.64,0.6061,0.69,0.1343,14
2012-08-29,3,1,8,11,0,3,1,1,0.72,0.6515,0.45,0.0,253
2012-08-29,3,1,8,21,0,3,1,1,0.66,0.6212,0.54,0.1045,313
2012-08-30,3,1,8,7,0,4,1,1,0.64,0.6061,0.73,0.0,532
2012-08-30,3,1,8,17,0,4,1,1,0.82,0.7273,0.34,0.2239,844
2012-08-31,3,1,8,3,0,5,1,1,0.66,0.5909,0.89,0.1045,5
2012-08-31,3,1,8,13,0,5,1,1,0.88,0.7576,0.27,0.3284,368
2012-08-31,3,1,8,23,0,5,1,1,0.74,0.6818,0.62,0.1045,174
2012-09-01,3,1,9,9,0,6,0,2,0.76,0.7121,0.58,0.194,237
2012-09-01,3,1,9,19,0,6,0,3,0.78,0.7424,0.62,0.0,392
2012-09-02,3,1,9,5,0,0,0,1,0.66,0.5909,0.89,0.0,12
2012-09-02,3,1,9,15,0,0,0,3,0.74,0.7121,0.74,0.1343,355
2012-09-03,3,1,9,1,1,1,0,2,0.68,0.6364,0.89,0.1642,55
2012-09-03,3,1,9,11,1,1,0,2,0.74,0.697,0.7,0.2836,459
2012-09-03,3,1,9,21,1,1,0,1,0.72,0.6818,0.76,0.1045,184
2012-09-04,3,1,9,7,0,2,1,2,0.68,0.6364,0.89,0.1045,493
2012-09-04,3,1,9,17,0,2,1,1,0.76,0.7273,0.7,0.3582,856
2012-09-05,3,1,9,3,0,3,1,1,0.7,0.6667,0.79,0.2836,4
2012-09-05,3,1,9,13,0,3,1,1,0.8,0.7879,0.63,0.1642,234
2012-09-05,3,1,9,23,0,3,1,1,0.7,0.6667,0.84,0.0896,150
2012-09-06,3,1,9,9,0,4,1,3,0.66,0.5909,0.94,0.1343,123
2012-09-06,3,1,9,19,0,4,1,1,0.68,0.6364,0.74,0.2537,558
2012-09-07,3,1,9,5,0,5,1,1,0.62,0.5606,0.88,0.0,40
2012-09-07,3,1,9,15,0,5,1,1,0.8,0.7576,0.55,0.2537,331
2012-09-08,3,1,9,1,0,6,0,2,0.66,0.5909,0.89,0.2836,117
2012-09-08,3,1,9,11,0,6,0,1,0.76,0.7121,0.62,0.4478,578
2012-09-08,3,1,9,21,0,6,0,2,0.6,0.5606,0.83,0.1642,181
2012-09-09,3,1,9,7,0,0,0,1,0.54,0.5152,0.73,0.1642,70
2012-09-09,3,1,9,17,0,0,0,1,0.7,0.6364,0.37,0.2537,671
2012-09-10,3,1,9,3,0,1,1,1,0.52,0.5,0.68,0.2836,12
2012-09-10,3,1,9,13,0,1,1,1,0.64,0.6212,0.38,0.2239,323
2012-09-10,3,1,9,23,0,1,1,1,0.54,0.5152,0.52,0.0,93
2012-09-11,3,1,9,9,0,2,1,1,0.6,0.6212,0.49,0.0,358
2012-09-11,3,1,9,19,0,2,1,1,0.62,0.6212,0.41,0.194,596
2012-09-12,3,1,9,5,0,3,1,1,0.5,0.4848,0.72,0.0896,48
2012-09-12,3,1,9,15,0,3,1,1,0.72,0.6515,0.37,0.1343,318
2012-09-13,3,1,9,1,0,4,1,1,0.54,0.5152,0.77,0.0896,28
2012-09-13,3,1,9,11,0,4,1,1,0.66,0.6212,0.5,0.1642,254
2012-09-13,3,1,9,21,0,4,1,1,0.62,0.6061,0.65,0.1045,317
2012-09-14,3,1,9,7,0,5,1,2,0.56,0.5303,0.88,0.0,454
2012-09-14,3,1,9,17,0,5,1,1,0.72,0.6667,0.51,0.194,894
2012-09-15,3,1,9,3,0,6,0,1,0.6,0.5909,0.73,0.2537,37
2012-09-15,3,1,9,13,0,6,0,1,0.68,0.6364,0.36,0.194,704
2012-09-15,3,1,9,23,0,6,0,1,0.54,0.5152,0.6,0.0,229
2012-09-16,3,1,9,9,0,0,0,1,0.58,0.5455,0.6,0.1343,296
2012-09-16,3,1,9,19,0,0,0,1,0.62,0.6212,0.5,0.1343,403
2012-09-17,3,1,9,5,0,1,1,1,0.48,0.4697,0.82,0.0896,45
2012-09-17,3,1,9,15,0,1,1,2,0.64,0.6061,0.65,0.2537,338
2012-09-18,3,1,9,1,0,2,1,3,0.6,0.5152,0.94,0.194,5
2012-09-18,3,1,9,11,0,2,1,2,0.68,0.6364,0.79,0.6418,151
2012-09-18,3,1,9,21,0,2,1,2,0.6,0.5455,0.88,0.194,207
2012-09-19,3,1,9,7,0,3,1,1,0.52,0.5,0.63,0.2239,545
2012-09-19,3,1,9,17,0,3,1,1,0.6,0.6212,0.38,0.2239,886
2012-09-20,3,1,9,3,0,4,1,1,0.44,0.4394,0.77,0.0,6
2012-09-20,3,1,9,13,0,4,1,1,0.64,0.6212,0.44,0.1343,336
2012-09-20,3,1,9,23,0,4,1,1,0.54,0.5152,0.68,0.1045,154
2012-09-21,3,1,9,9,0,5,1,1,0.58,0.5455,0.68,0.1343,383
2012-09-21,3,1,9,19,0,5,1,1,0.64,0.6061,0.65,0.2537,588
2012-09-22,3,1,9,5,0,6,0,1,0.56,0.5303,0.83,0.3284,17
2012-09-22,3,1,9,15,0,6,0,1,0.74,0.6667,0.48,0.3881,750
2012-09-23,4,1,9,1,0,0,0,1,0.54,0.5152,0.52,0.3582,142
2012-09-23,4,1,9,11,0,0,0,1,0.56,0.5303,0.46,0.2537,570
2012-09-23,4,1,9,21,0,0,0,2,0.52,0.5,0.48,0.1045,196
2012-09-24,4,1,9,7,0,1,1,1,0.46,0.4545,0.67,0.1343,530
2012-09-24,4,1,9,17,0,1,1,1,0.58,0.5455,0.3,0.0,898
2012-09-25,4,1,9,3,0,2,1,1,0.42,0.4242,0.71,0.0896,5
2012-09-25,4,1,9,13,0,2,1,1,0.64,0.6212,0.47,0.2537,305
2012-09-25,4,1,9,23,0,2,1,1,0.6,0.6212,0.56,0.3284,98
2012-09-26,4,1,9,9,0,3,1,1,0.6,0.6061,0.64,0.194,334
2012-09-26,4,1,9,19,0,3,1,1,0.7,0.6515,0.54,0.1642,627
2012-09-27,4,1,9,5,0,4,1,1,0.58,0.5455,0.83,0.0,66
2012-09-27,4,1,9,15,0,4,1,2,0.76,0.6818,0.45,0.0,296
2012-09-28,4,1,9,1,0,5,1,3,0.6,0.5455,0.88,0.0,13
2012-09-28,4,1,9,11,0,5,1,2,0.66,0.6212,0.69,0.0,361
2012-09-28,4,1,9,21,0,5,1,3,0.6,0.6212,0.53,0.194,237
2012-09-29,4,1,9,7,0,6,0,1,0.48,0.4697,0.67,0.2836,73
2012-09-29,4,1,9,17,0,6,0,1,0.6,0.6212,0.38,0.3582,712
2012-09-30,4,1,9,3,0,0,0,1,0.46,0.4545,0.67,0.0896,58
2012-09-30,4,1,9,13,0,0,0,1,0.62,0.6212,0.41,0.2537,594
2012-09-30,4,1,9,23,0,0,0,1,0.48,0.4697,0.72,0.0896,57
2012-10-01,4,1,10,9,0,1,1,2,0.52,0.5,0.63,0.0,340
2012-10-01,4,1,10,19,0,1,1,2,0.54,0.5152,0.68,0.1045,516
2012-10-02,4,1,10,5,0,2,1,2,0.56,0.5303,0.83,0.1343,43
2012-10-02,4,1,10,15,0,2,1,3,0.62,0.5758,0.83,0.1343,209
2012-10-03,4,1,10,1,0,3,1,2,0.62,0.5455,0.94,0.0,19
2012-10-03,4,1,10,11,0,3,1,1,0.66,0.6061,0.78,0.1642,230
2012-10-03,4,1,10,21,0,3,1,2,0.66,0.6212,0.74,0.0,209
2012-10-04,4,1,10,7,0,4,1,2,0.64,0.5758,0.89,0.0896,391
2012-10-04,4,1,10,17,0,4,1,1,0.7,0.6515,0.51,0.2239,901
2012-10-05,4,1,10,3,0,5,1,1,0.54,0.5152,0.73,0.0,16
2012-10-05,4,1,10,13,0,5,1,1,0.7,0.6515,0.48,0.0,424
2012-10-05,4,1,10,23,0,5,1,1,0.58,0.5455,0.78,0.2239,171
2012-10-06,4,1,10,9,0,6,0,1,0.6,0.5909,0.73,0.194,395
2012-10-06,4,1,10,19,0,6,0,1,0.48,0.4697,0.55,0.2239,341
2012-10-07,4,1,10,5,0,0,0,2,0.44,0.4394,0.54,0.1343,10
2012-10-07,4,1,10,15,0,0,0,3,0.42,0.4242,0.77,0.1343,306
2012-10-08,4,1,10,1,1,1,0,1,0.34,0.3333,0.87,0.1642,37
2012-10-08,4,1,10,11,1,1,0,2,0.4,0.4091,0.62,0.0896,308
2012-10-08,4,1,10,21,1,1,0,2,0.4,0.4091,0.76,0.2239,151
2012-10-09,4,1,10,7,0,2,1,1,0.38,0.3939,0.83,0.2537,362
2012-10-09,4,1,10,17,0,2,1,2,0.52,0.5,0.68,0.1642,806
2012-10-10,4,1,10,3,0,3,1,2,0.46,0.4545,0.88,0.0,6
2012-10-10,4,1,10,13,0,3,1,1,0.56,0.5303,0.49,0.0,297
2012-10-10,4,1,10,23,0,3,1,1,0.44,0.4394,0.58,0.194,136
2012-10-11,4,1,10,9,0,4,1,1,0.4,0.4091,0.43,0.3881,355
2012-10-11,4,1,10,19,0,4,1,1,0.44,0.4394,0.51,0.1343,743
2012-10-12,4,1,10,5,0,5,1,1,0.36,0.3636,0.81,0.0896,35
2012-10-12,4,1,10,15,0,5,1,1,0.52,0.5,0.42,0.4478,455
2012-10-13,4,1,10,1,0,6,0,1,0.34,0.3333,0.53,0.1343,146
2012-10-13,4,1,10,11,0,6,0,1,0.42,0.4242,0.35,0.1343,527
2012-10-13,4,1,10,21,0,6,0,1,0.4,0.4091,0.58,0.194,204
2012-10-14,4,1,10,7,0,0,0,1,0.42,0.4242,0.82,0.2239,51
2012-10-14,4,1,10,17,0,0,0,1,0.64,0.6212,0.44,0.194,539
2012-10-15,4,1,10,3,0,1,1,2,0.56,0.5303,0.73,0.2537,4
2012-10-15,4,1,10,13,0,1,1,2,0.56,0.5303,0.88,0.2239,146
2012-10-15,4,1,10,23,0,1,1,1,0.46,0.4545,0.63,0.2239,81
2012-10-16,4,1,10,9,0,2,1,1,0.48,0.4697,0.55,0.2537,355
2012-10-16,4,1,10,19,0,2,1,1,0.48,0.4697,0.48,0.0,531
2012-10-17,4,1,10,5,0,3,1,2,0.36,0.3788,0.81,0.0,41
2012-10-17,4,1,10,15,0,3,1,2,0.58,0.5455,0.43,0.2239,301
2012-10-18,4,1,10,1,0,4,1,1,0.46,0.4545,0.82,0.2239,14
2012-10-18,4,1,10,11,0,4,1,2,0.56,0.5303,0.56,0.2239,268
2012-10-18,4,1,10,21,0,4,1,2,0.54,0.5152,0.77,0.194,283
2012-10-19,4,1,10,7,0,5,1,3,0.54,0.5152,0.94,0.0,154
2012-10-19,4,1,10,17,0,5,1,3,0.62,0.6061,0.69,0.3582,425
2012-10-20,4,1,10,3,0,6,0,1,0.42,0.4242,0.77,0.1343,29
2012-10-20,4,1,10,13,0,6,0,1,0.56,0.5303,0.43,0.1642,714
2012-10-20,4,1,10,23,0,6,0,1,0.42,0.4242,0.58,0.0,163
2012-10-21,4,1,10,9,0,0,0,1,0.46,0.4545,0.55,0.1642,269
2012-10-21,4,1,10,19,0,0,0,1,0.5,0.4848,0.42,0.1642,266
2012-10-22,4,1,10,5,0,1,1,1,0.38,0.3939,0.76,0.0896,46
2012-10-22,4,1,10,15,0,1,1,1,0.64,0.6212,0.29,0.1642,296
2012-10-23,4,1,10,1,0,2,1,1,0.46,0.4545,0.77,0.1642,17
2012-10-23,4,1,10,11,0,2,1,1,0.6,0.6212,0.53,0.0,253
2012-10-23,4,1,10,21,0,2,1,1,0.56,0.5303,0.68,0.0,295
2012-10-24,4,1,10,7,0,3,1,1,0.5,0.4848,0.88,0.0896,526
2012-10-24,4,1,10,17,0,3,1,1,0.66,0.6212,0.47,0.0,963
2012-10-25,4,1,10,3,0,4,1,2,0.52,0.5,0.88,0.1343,8
2012-10-25,4,1,10,13,0,4,1,2,0.56,0.5303,0.78,0.0,313
2012-10-25,4,1,10,23,0,4,1,2,0.54,0.5152,0.83,0.1343,135
2012-10-26,4,1,10,9,0,5,1,2,0.54,0.5152,0.88,0.1343,403
2012-10-26,4,1,10,19,0,5,1,2,0.54,0.5152,0.83,0.1642,471
2012-10-27,4,1,10,5,0,6,0,2,0.5,0.4848,0.82,0.194,9
2012-10-27,4,1,10,15,0,6,0,2,0.56,0.5303,0.6,0.2836,711
2012-10-28,4,1,10,1,0,0,0,2,0.5,0.4848,0.72,0.2836,133
2012-10-28,4,1,10,11,0,0,0,2,0.5,0.4848,0.51,0.3881,462
2012-10-28,4,1,10,21,0,0,0,3,0.44,0.4394,0.88,0.4179,46
2012-10-30,4,1,10,19,0,2,1,2,0.5,0.4848,0.68,0.194,115
2012-10-31,4,1,10,5,0,3,1,2,0.3,0.303,0.81,0.1343,24
2012-10-31,4,1,10,15,0,3,1,1,0.42,0.4242,0.54,0.1642,230
2012-11-01,4,1,11,1,0,4,1,1,0.3,0.3182,0.75,0.1045,30
2012-11-01,4,1,11,11,0,4,1,3,0.36,0.3485,0.62,0.194,170
2012-11-01,4,1,11,21,0,4,1,2,0.38,0.3939,0.54,0.1343,267
2012-11-02,4,1,11,7,0,5,1,2,0.3,0.303,0.7,0.1343,357
2012-11-02,4,1,11,17,0,5,1,1,0.38,0.3939,0.4,0.3284,638
2012-11-03,4,1,11,3,0,6,0,2,0.34,0.3182,0.49,0.2537,28
2012-11-03,4,1,11,13,0,6,0,2,0.36,0.3333,0.46,0.3582,449
2012-11-03,4,1,11,23,0,6,0,1,0.32,0.3333,0.57,0.1045,148
2012-11-04,4,1,11,9,0,0,0,1,0.32,0.3333,0.53,0.0,217
2012-11-04,4,1,11,19,0,0,0,1,0.36,0.3333,0.43,0.2537,227
2012-11-05,4,1,11,5,0,1,1,2,0.3,0.2727,0.52,0.3284,39
2012-11-05,4,1,11,15,0,1,1,1,0.38,0.3939,0.4,0.2836,231
2012-11-06,4,1,11,1,0,2,1,1,0.24,0.2424,0.6,0.1642,8
2012-11-06,4,1,11,11,0,2,1,1,0.32,0.3333,0.45,0.1343,216
2012-11-06,4,1,11,21,0,2,1,2,0.3,0.2879,0.56,0.2537,151
2012-11-07,4,1,11,7,0,3,1,2,0.26,0.2273,0.56,0.2985,319
2012-11-07,4,1,11,17,0,3,1,2,0.32,0.2879,0.53,0.3881,517
2012-11-08,4,1,11,4,0,4,1,2,0.3,0.2879,0.45,0.2836,10
2012-11-08,4,1,11,14,0,4,1,1,0.44,0.4394,0.18,0.4179,182
2012-11-09,4,1,11,0,0,5,1,1,0.34,0.303,0.49,0.3284,55
2012-11-09,4,1,11,10,0,5,1,1,0.36,0.3333,0.5,0.3284,197
2012-11-09,4,1,11,20,0,5,1,1,0.36,0.3485,0.66,0.1343,255
2012-11-10,4,1,11,6,0,6,0,1,0.24,0.2576,0.93,0.0896,16
2012-11-10,4,1,11,16,0,6,0,1,0.54,0.5152,0.37,0.0,605
2012-11-11,4,1,11,2,0,0,0,1,0.32,0.3333,0.87,0.1045,70
2012-11-11,4,1,11,12,0,0,0,1,0.5,0.4848,0.48,0.0896,585
2012-11-11,4,1,11,22,0,0,0,1,0.42,0.4242,0.71,0.194,134
2012-11-12,4,1,11,8,1,1,0,1,0.42,0.4242,0.82,0.1642,540
2012-11-12,4,1,11,18,1,1,0,1,0.52,0.5,0.72,0.1343,551
2012-11-13,4,1,11,4,0,2,1,2,0.36,0.3333,0.81,0.3881,9
2012-11-13,4,1,11,14,0,2,1,1,0.38,0.3939,0.46,0.3881,203
2012-11-14,4,1,11,0,0,3,1,1,0.26,0.2424,0.56,0.2836,24
2012-11-14,4,1,11,10,0,3,1,1,0.32,0.2879,0.45,0.3582,171
2012-11-14,4,1,11,20,0,3,1,1,0.3,0.3182,0.52,0.0896,267
2012-11-15,4,1,11,6,0,4,1,2,0.3,0.2879,0.65,0.2537,147
2012-11-15,4,1,11,16,0,4,1,2,0.36,0.3485,0.57,0.194,342
2012-11-16,4,1,11,2,0,5,1,2,0.3,0.303,0.7,0.1642,9
2012-11-16,4,1,11,12,0,5,1,1,0.4,0.4091,0.43,0.2836,290
2012-11-16,4,1,11,22,0,5,1,1,0.32,0.303,0.53,0.2537,162
2012-11-17,4,1,11,8,0,6,0,1,0.26,0.2576,0.65,0.2239,168
2012-11-17,4,1,11,18,0,6,0,1,0.36,0.3636,0.5,0.1045,271
2012-11-18,4,1,11,4,0,0,0,2,0.3,0.2879,0.81,0.194,12
2012-11-18,4,1,11,14,0,0,0,1,0.4,0.4091,0.62,0.2985,428
2012-11-19,4,1,11,0,0,1,1,1,0.36,0.3485,0.66,0.2239,27
2012-11-19,4,1,11,10,0,1,1,2,0.36,0.3333,0.66,0.2537,139
2012-11-19,4,1,11,20,0,1,1,2,0.38,0.3939,0.62,0.2537,259
2012-11-20,4,1,11,6,0,2,1,2,0.34,0.3333,0.71,0.1642,148
2012-11-20,4,1,11,16,0,2,1,2,0.42,0.4242,0.62,0.0896,395
2012-11-21,4,1,11,2,0,3,1,1,0.28,0.2879,0.87,0.1045,8
2012-11-21,4,1,11,12,0,3,1,1,0.44,0.4394,0.41,0.194,344
2012-11-21,4,1,11,22,0,3,1,1,0.34,0.3636,0.49,0.0,88
2012-11-22,4,1,11,8,1,4,0,1,0.24,0.2424,0.75,0.1343,97
2012-11-22,4,1,11,18,1,4,0,1,0.4,0.4091,0.43,0.0,70
2012-11-23,4,1,11,4,0,5,1,1,0.24,0.2576,0.75,0.1045,4
2012-11-23,4,1,11,14,0,5,1,1,0.5,0.4848,0.36,0.2537,435
2012-11-24,4,1,11,0,0,6,0,1,0.4,0.4091,0.37,0.4179,42
2012-11-24,4,1,11,10,0,6,0,2,0.26,0.2273,0.44,0.2985,142
2012-11-24,4,1,11,20,0,6,0,1,0.24,0.2121,0.44,0.2836,58
2012-11-25,4,1,11,6,0,0,0,2,0.22,0.2424,0.47,0.1045,11
2012-11-25,4,1,11,16,0,0,0,1,0.3,0.2879,0.39,0.2239,228
2012-11-26,4,1,11,2,0,1,1,1,0.2,0.2576,0.69,0.0,5
2012-11-26,4,1,11,12,0,1,1,1,0.42,0.4242,0.35,0.1045,210
2012-11-26,4,1,11,22,0,1,1,1,0.32,0.3485,0.61,0.0,104
2012-11-27,4,1,11,8,0,2,1,3,0.32,0.3182,0.81,0.1642,500
2012-11-27,4,1,11,18,0,2,1,1,0.26,0.2273,0.81,0.3582,482
2012-11-28,4,1,11,4,0,3,1,2,0.26,0.2576,0.7,0.194,4
2012-11-28,4,1,11,14,0,3,1,1,0.36,0.3333,0.4,0.2985,176
2012-11-29,4,1,11,0,0,4,1,1,0.24,0.2576,0.56,0.0896,29
2012-11-29,4,1,11,11,0,4,1,1,0.36,0.3485,0.37,0.2239,163
2012-11-29,4,1,11,21,0,4,1,1,0.26,0.2727,0.65,0.1343,208
2012-11-30,4,1,11,7,0,5,1,1,0.22,0.2727,0.8,0.0,352
2012-11-30,4,1,11,17,0,5,1,1,0.36,0.3485,0.5,0.194,582
2012-12-01,4,1,12,3,0,6,0,2,0.26,0.2727,0.81,0.1343,15
2012-12-01,4,1,12,13,0,6,0,2,0.34,0.3636,0.76,0.0,509
2012-12-01,4,1,12,23,0,6,0,2,0.32,0.3485,0.81,0.0,126
2012-12-02,4,1,12,9,0,0,0,2,0.28,0.2727,0.93,0.1642,172
2012-12-02,4,1,12,19,0,0,0,2,0.4,0.4091,0.82,0.194,174
2012-12-03,4,1,12,5,0,1,1,1,0.34,0.3485,0.93,0.0896,38
2012-12-03,4,1,12,15,0,1,1,1,0.6,0.6212,0.56,0.0,268
2012-12-04,4,1,12,1,0,2,1,1,0.42,0.4242,0.82,0.1045,25
2012-12-04,4,1,12,11,0,2,1,1,0.48,0.4697,0.77,0.194,207
2012-12-04,4,1,12,21,0,2,1,2,0.5,0.4848,0.63,0.2537,280
2012-12-05,4,1,12,7,0,3,1,3,0.46,0.4545,0.59,0.2985,398
2012-12-05,4,1,12,17,0,3,1,1,0.44,0.4394,0.35,0.2836,605
2012-12-06,4,1,12,3,0,4,1,1,0.22,0.2273,0.55,0.194,2
2012-12-06,4,1,12,13,0,4,1,1,0.3,0.3333,0.39,0.0,245
2012-12-06,4,1,12,23,0,4,1,1,0.24,0.2424,0.65,0.1642,93
2012-12-07,4,1,12,9,0,5,1,2,0.3,0.303,0.81,0.1343,301
2012-12-07,4,1,12,19,0,5,1,2,0.38,0.3939,0.76,0.0,352
2012-12-08,4,1,12,5,0,6,0,2,0.36,0.3636,0.93,0.1045,6
2012-12-08,4,1,12,15,0,6,0,1,0.42,0.4242,0.82,0.1642,541
2012-12-09,4,1,12,1,0,0,0,2,0.4,0.4091,0.87,0.1045,102
2012-12-09,4,1,12,11,0,0,0,2,0.4,0.4091,0.87,0.2985,250
2012-12-09,4,1,12,21,0,0,0,2,0.36,0.3636,1.0,0.1045,96
2012-12-10,4,1,12,7,0,1,1,2,0.38,0.3939,0.94,0.2537,294
2012-12-10,4,1,12,17,0,1,1,2,0.48,0.4697,0.82,0.2836,616
2012-12-11,4,1,12,3,0,2,1,3,0.36,0.3333,0.76,0.2836,3
2012-12-11,4,1,12,13,0,2,1,2,0.38,0.3939,0.5,0.2239,254
2012-12-11,4,1,12,23,0,2,1,1,0.3,0.2879,0.52,0.2239,64
2012-12-12,4,1,12,9,0,3,1,2,0.28,0.2879,0.61,0.1343,285
2012-12-12,4,1,12,19,0,3,1,2,0.3,0.2879,0.56,0.2239,402
2012-12-13,4,1,12,5,0,4,1,2,0.26,0.2576,0.56,0.1642,33
2012-12-13,4,1,12,15,0,4,1,1,0.36,0.3485,0.34,0.1343,280
2012-12-14,4,1,12,1,0,5,1,1,0.22,0.2576,0.69,0.0896,26
2012-12-14,4,1,12,11,0,5,1,1,0.32,0.303,0.65,0.194,211
2012-12-14,4,1,12,21,0,5,1,1,0.3,0.303,0.75,0.1642,172
2012-12-15,4,1,12,7,0,6,0,2,0.24,0.2576,0.75,0.0896,48
2012-12-15,4,1,12,17,0,6,0,1,0.4,0.4091,0.5,0.2239,309
2012-12-16,4,1,12,3,0,0,0,2,0.34,0.3333,0.87,0.194,38
2012-12-16,4,1,12,13,0,0,0,2,0.38,0.3939,0.76,0.194,356
2012-12-16,4,1,12,23,0,0,0,2,0.36,0.3485,0.93,0.1343,33
2012-12-17,4,1,12,9,0,1,1,2,0.4,0.4091,0.87,0.0,282
2012-12-17,4,1,12,19,0,1,1,2,0.42,0.4242,0.88,0.1343,340
2012-12-18,4,1,12,5,0,2,1,1,0.38,0.3939,0.87,0.0896,36
2012-12-18,4,1,12,15,0,2,1,1,0.46,0.4545,0.44,0.4925,246
2012-12-19,4,1,12,1,0,3,1,1,0.3,0.3182,0.65,0.0896,15
2012-12-19,4,1,12,11,0,3,1,1,0.4,0.4091,0.54,0.2239,200
2012-12-19,4,1,12,21,0,3,1,1,0.34,0.3182,0.61,0.2239,168
2012-12-20,4,1,12,7,0,4,1,2,0.3,0.3333,0.7,0.0,350
2012-12-20,4,1,12,17,0,4,1,2,0.34,0.3333,0.66,0.194,475
2012-12-21,1,1,12,3,0,5,1,3,0.46,0.4545,0.94,0.3881,3
2012-12-21,1,1,12,13,0,5,1,2,0.32,0.2879,0.39,0.4179,240
2012-12-21,1,1,12,23,0,5,1,1,0.26,0.2424,0.44,0.2836,40
2012-12-22,1,1,12,9,0,6,0,1,0.26,0.2273,0.48,0.3881,90
2012-12-22,1,1,12,19,0,6,0,1,0.24,0.2121,0.48,0.3582,60
2012-12-23,1,1,12,5,0,0,0,1,0.2,0.2576,0.51,0.0,6
2012-12-23,1,1,12,15,0,0,0,1,0.34,0.3333,0.34,0.1343,137
2012-12-24,1,1,12,1,0,1,1,1,0.22,0.2727,0.69,0.0,11
2012-12-24,1,1,12,12,0,1,1,2,0.28,0.303,0.56,0.0896,135
2012-12-24,1,1,12,22,0,1,1,2,0.24,0.2879,0.93,0.0,12
2012-12-25,1,1,12,9,1,2,0,2,0.24,0.2576,0.87,0.0,28
2012-12-25,1,1,12,19,1,2,0,2,0.32,0.303,0.66,0.2239,36
2012-12-26,1,1,12,5,0,3,1,2,0.22,0.2121,0.69,0.2836,11
2012-12-26,1,1,12,15,0,3,1,3,0.26,0.2273,0.87,0.3582,13
2012-12-27,1,1,12,1,0,4,1,3,0.24,0.197,0.93,0.4478,5
2012-12-27,1,1,12,11,0,4,1,2,0.28,0.2424,0.56,0.4478,103
2012-12-27,1,1,12,21,0,4,1,2,0.24,0.2273,0.6,0.2537,63
2012-12-28,1,1,12,7,0,5,1,1,0.22,0.2273,0.64,0.1642,112
2012-12-28,1,1,12,17,0,5,1,1,0.24,0.2424,0.6,0.1343,271
2012-12-29,1,1,12,3,0,6,0,2,0.24,0.2424,0.75,0.0,6
2012-12-29,1,1,12,13,0,6,0,3,0.2,0.2424,1.0,0.0,84
2012-12-29,1,1,12,23,0,6,0,2,0.26,0.2424,0.6,0.0,32
2012-12-30,1,1,12,9,0,0,0,1,0.24,0.2121,0.52,0.3881,74
2012-12-30,1,1,12,19,0,0,0,1,0.34,0.3636,0.61,0.0,102
2012-12-31,1,1,12,5,0,1,1,1,0.16,0.1515,0.64,0.194,9
2012-12-31,1,1,12,15,0,1,1,2,0.28,0.2879,0.45,0.1343,315
