Feature,Type,KS Statistic,KS p-value,JS Divergence,PSI,Drift Flag
temp,numerical,0.2838036535320534,2.695490127002559e-124,,1.2383518358577164,True
atemp,numerical,0.2838036535320534,2.695490127002559e-124,,1.1274859149943024,True
hum,numerical,0.12792742979920366,2.6199871916577214e-25,,0.2030913625261257,True
windspeed,numerical,0.05372199800778121,8.190561972455796e-05,,0.02411157729315976,True
season,categorical,,,0.3999673742737692,4.709876578323399,True
mnth,categorical,,,0.5458028457565006,6.047983360137991,True
hr,categorical,,,5.226916439745791e-05,0.00028987906183974106,False
holiday,categorical,,,0.0002381393190198424,0.0013233807350102776,False
weekday,categorical,,,1.9339935691366743e-05,0.00010724650546099299,False
workingday,categorical,,,5.7556756988793605e-05,0.00031917095376410515,False
weathersit,categorical,,,0.00220709780166721,0.01194758382226453,False
